QSO3_SC_A,QSO3_SC_R,QSO3_SC_N,QSO3_SC_D,QSO3_SC_C,QSO3_SC_Q,QSO3_SC_E,QSO3_SC_G,QSO3_SC_H,QSO3_SC_I,QSO3_SC_L,QSO3_SC_K,QSO3_SC_M,QSO3_SC_F,QSO3_SC_P,QSO3_SC_S,QSO3_SC_T,QSO3_SC_W,QSO3_SC_Y,QSO3_SC_V,QSO3_G_A,QSO3_G_R,QSO3_G_N,QSO3_G_D,QSO3_G_C,QSO3_G_Q,QSO3_G_E,QSO3_G_G,QSO3_G_H,QSO3_G_I,QSO3_G_L,QSO3_G_K,QSO3_G_M,QSO3_G_F,QSO3_G_P,QSO3_G_S,QSO3_G_T,QSO3_G_W,QSO3_G_Y,QSO3_G_V,QSO3_SC1,QSO3_SC2,QSO3_SC3,QSO3_G1,QSO3_G2,QSO3_G3
0.6477,0.3238,0.0,0.9715,0.6477,0.0,0.3238,0.0,0.3238,0.0,0.0,0.3238,0.3238,0.6477,0.0,0.3238,0.3238,0.0,0.3238,0.6477,0.0,0.0,0.0,0.0,0.0,0.0,0.0,0.0,0.0,0.0,0.0,0.0,0.0,0.0,0.0,0.0,0.0,0.0,0.0,0.0,0.2038,0.2374,0.235,0.2038,0.2374,0.235
0.2535,0.5071,0.0,0.0,0.0,1.0141,0.5071,0.2535,0.2535,0.0,0.7606,1.2677,0.0,0.2535,1.0141,1.0141,0.0,0.0,0.0,0.0,0.0,0.0,0.0,0.0,0.0,0.0001,0.0,0.0,0.0,0.0,0.0,0.0001,0.0,0.0,0.0001,0.0001,0.0,0.0,0.0,0.0,0.2185,0.2621,0.2659,0.2185,0.2621,0.2659
0.7496,0.7496,0.1874,0.1874,0.0,0.1874,0.7496,0.1874,0.1874,0.0,0.7496,0.1874,0.0,0.0,0.7496,0.5622,0.1874,0.0,0.937,0.1874,0.0,0.0,0.0,0.0,0.0,0.0,0.0,0.0,0.0,0.0,0.0,0.0,0.0,0.0,0.0,0.0,0.0,0.0,0.0001,0.0,0.2593,0.2687,0.2846,0.2593,0.2687,0.2846
0.4133,0.4133,0.0,0.0,0.0,0.8267,0.0,1.24,0.4133,0.0,0.8267,0.0,0.4133,0.0,0.0,0.0,0.4133,0.4133,0.0,0.4133,0.0,0.0,0.0,0.0,0.0,0.0001,0.0,0.0001,0.0,0.0,0.0001,0.0,0.0,0.0,0.0,0.0,0.0,0.0,0.0,0.0,0.2163,0.1944,0.1759,0.2163,0.1944,0.1759
1.1246,0.5623,0.5623,0.0,0.5623,0.0,0.2811,0.2811,0.0,0.0,0.2811,0.8434,0.0,0.8434,0.2811,1.1246,0.5623,0.2811,0.0,0.0,0.0,0.0,0.0,0.0,0.0,0.0,0.0,0.0,0.0,0.0,0.0,0.0,0.0,0.0,0.0,0.0,0.0,0.0,0.0,0.0,0.1909,0.2513,0.2766,0.1909,0.2513,0.2766
0.4741,0.0,0.9482,0.0,0.0,0.4741,0.0,0.9482,0.4741,0.0,0.0,0.0,0.0,0.4741,0.0,0.4741,0.0,0.4741,0.9482,0.0,0.0,0.0,0.0,0.0,0.0,0.0,0.0,0.0,0.0,0.0,0.0,0.0,0.0,0.0,0.0,0.0,0.0,0.0,0.0,0.0,0.1499,0.1885,0.1874,0.1499,0.1885,0.1874
0.9249,0.9249,0.0,0.3083,0.0,0.0,0.0,1.2332,0.0,0.0,0.6166,0.0,0.0,0.0,0.0,0.3083,0.3083,0.6166,0.0,0.3083,0.0001,0.0001,0.0,0.0,0.0,0.0,0.0,0.0001,0.0,0.0,0.0,0.0,0.0,0.0,0.0,0.0,0.0,0.0,0.0,0.0,0.2117,0.2399,0.2402,0.2117,0.2399,0.2402
0.3179,0.0,0.3179,0.3179,0.0,0.0,1.9072,0.9536,0.0,0.0,0.9536,0.0,0.3179,0.0,0.3179,0.0,0.0,0.0,0.3179,0.6357,0.0,0.0,0.0,0.0,0.0,0.0,0.0001,0.0001,0.0,0.0,0.0001,0.0,0.0,0.0,0.0,0.0,0.0,0.0,0.0,0.0,0.2147,0.2288,0.2387,0.2147,0.2288,0.2387
0.4546,0.4546,0.4546,0.0,0.0,0.0,0.4546,0.4546,0.0,0.0,0.4546,0.0,0.4546,0.0,0.4546,0.0,0.4546,0.9091,0.0,0.0,0.0,0.0,0.0,0.0,0.0,0.0,0.0,0.0,0.0,0.0,0.0,0.0,0.0,0.0,0.0,0.0,0.0,0.0001,0.0,0.0,0.2025,0.2099,0.133,0.2025,0.2099,0.133
0.4451,0.4451,1.3353,1.1127,0.4451,0.0,0.0,1.5578,0.0,0.2225,0.0,0.2225,0.0,0.2225,0.4451,0.4451,0.2225,0.0,0.4451,0.2225,0.0,0.0,0.0001,0.0,0.0,0.0,0.0,0.0001,0.0,0.0,0.0,0.0,0.0,0.0,0.0,0.0,0.0,0.0,0.0,0.0,0.2145,0.2934,0.2696,0.2145,0.2934,0.2696
0.0,0.7621,0.381,1.1431,0.0,0.0,0.381,0.381,0.0,0.381,0.381,0.0,0.0,0.7621,0.0,0.381,0.0,0.0,0.0,0.381,0.0,0.0,0.0,0.0001,0.0,0.0,0.0,0.0,0.0,0.0,0.0,0.0,0.0,0.0,0.0,0.0,0.0,0.0,0.0,0.0,0.2818,0.2618,0.0754,0.2818,0.2618,0.0754
0.3261,0.6522,0.3261,0.8152,0.0,0.3261,0.8152,0.3261,0.163,0.4891,0.9782,0.0,0.163,0.163,0.163,0.4891,0.0,0.0,0.163,0.4891,0.0,0.0,0.0,0.0,0.0,0.0,0.0,0.0,0.0,0.0,0.0,0.0,0.0,0.0,0.0,0.0,0.0,0.0,0.0,0.0,0.2654,0.3361,0.2355,0.2654,0.3361,0.2355
0.5117,0.4094,0.2047,0.307,0.4094,0.7164,0.1023,0.0,0.0,0.5117,0.2047,1.2282,0.1023,0.4094,0.307,1.0235,0.5117,0.1023,0.307,0.5117,0.0,0.0,0.0,0.0,0.0,0.0,0.0,0.0,0.0,0.0,0.0,0.0,0.0,0.0,0.0,0.0,0.0,0.0,0.0,0.0,0.2907,0.3237,0.2833,0.2907,0.3237,0.2833
0.9108,0.3036,0.6072,0.0,0.0,0.0,1.8217,0.6072,0.3036,0.3036,0.3036,0.0,0.0,0.0,0.0,1.5181,0.3036,0.0,0.0,0.0,0.0001,0.0,0.0,0.0,0.0,0.0,0.0001,0.0,0.0,0.0,0.0,0.0,0.0,0.0,0.0,0.0001,0.0,0.0,0.0,0.0,0.2786,0.2347,0.1831,0.2786,0.2347,0.1831
0.427,0.427,0.1423,0.427,0.0,0.1423,1.281,0.427,0.1423,0.427,1.4233,0.2847,0.1423,0.2847,0.7117,0.9963,0.2847,0.0,0.0,0.5693,0.0,0.0,0.0,0.0,0.0,0.0,0.0001,0.0,0.0,0.0,0.0001,0.0,0.0,0.0,0.0,0.0,0.0,0.0,0.0,0.0,0.2907,0.2954,0.2716,0.2907,0.2954,0.2716
0.7962,0.0,1.5924,0.0,0.0,0.0,0.3981,1.1943,0.0,0.3981,1.9904,0.3981,0.3981,0.0,0.0,1.1943,0.0,0.0,0.0,0.0,0.0,0.0,0.0001,0.0,0.0,0.0,0.0,0.0,0.0,0.0,0.0001,0.0,0.0,0.0,0.0,0.0,0.0,0.0,0.0,0.0,0.2158,0.203,0.1831,0.2158,0.203,0.1831
0.9289,0.6966,0.2322,0.6966,0.0,0.4644,0.0,0.2322,0.0,0.0,0.4644,0.4644,0.0,0.6966,0.0,0.6966,0.0,0.0,0.2322,0.4644,0.0,0.0,0.0,0.0,0.0,0.0,0.0,0.0,0.0,0.0,0.0,0.0,0.0,0.0,0.0,0.0,0.0,0.0,0.0,0.0,0.3093,0.2452,0.2133,0.3093,0.2452,0.2133
0.5971,0.398,0.398,1.7912,0.0,0.199,0.9951,1.1941,0.398,0.0,0.9951,0.199,0.0,0.0,0.0,0.7961,0.199,0.0,0.0,0.199,0.0,0.0,0.0,0.0001,0.0,0.0,0.0001,0.0001,0.0,0.0,0.0001,0.0,0.0,0.0,0.0,0.0,0.0,0.0,0.0,0.0,0.2663,0.2931,0.2416,0.2663,0.2931,0.2416
0.2424,0.606,0.3636,0.3636,0.1212,0.4848,0.4848,1.212,0.1212,0.3636,0.7272,0.2424,0.1212,0.3636,0.4848,0.9696,0.3636,0.1212,0.2424,0.4848,0.0,0.0,0.0,0.0,0.0,0.0,0.0,0.0,0.0,0.0,0.0,0.0,0.0,0.0,0.0,0.0,0.0,0.0,0.0,0.0,0.291,0.3162,0.2715,0.291,0.3162,0.2715
0.9505,0.7604,0.0,0.5703,0.0,0.5703,0.5703,0.0,0.3802,0.1901,0.5703,0.1901,0.0,0.3802,0.5703,0.3802,0.5703,0.0,0.0,0.1901,0.0001,0.0001,0.0,0.0,0.0,0.0,0.0,0.0,0.0,0.0,0.0,0.0,0.0,0.0,0.0,0.0,0.0,0.0,0.0,0.0,0.3277,0.239,0.2432,0.3277,0.239,0.2432
0.3234,0.0,1.2934,0.3234,0.0,0.0,1.2934,0.0,0.0,0.0,0.9701,0.0,0.0,0.6467,0.3234,0.3234,0.3234,0.3234,0.0,0.0,0.0,0.0,0.0001,0.0,0.0,0.0,0.0001,0.0,0.0,0.0,0.0,0.0,0.0,0.0,0.0,0.0,0.0,0.0,0.0,0.0,0.2173,0.2522,0.2072,0.2173,0.2522,0.2072
1.4761,0.4217,0.2109,0.4217,0.0,0.0,0.2109,1.4761,0.0,0.0,1.2652,0.4217,0.0,0.2109,0.4217,0.4217,0.0,0.0,0.2109,0.0,0.0001,0.0,0.0,0.0,0.0,0.0,0.0,0.0001,0.0,0.0,0.0001,0.0,0.0,0.0,0.0,0.0,0.0,0.0,0.0,0.0,0.3019,0.2368,0.2504,0.3019,0.2368,0.2504
0.0,0.0,0.0,0.9674,0.0,0.9674,0.0,0.9674,0.0,0.0,0.0,0.0,0.4837,0.4837,0.0,0.0,0.4837,0.4837,0.4837,0.0,0.0,0.0,0.0,0.0001,0.0,0.0001,0.0,0.0001,0.0,0.0,0.0,0.0,0.0,0.0,0.0,0.0,0.0,0.0,0.0,0.0,0.2181,0.1558,0.1424,0.2181,0.1558,0.1424
1.0206,0.8748,0.4374,0.2916,0.0,0.2916,0.8748,0.2916,0.1458,0.2916,1.0206,0.0,0.1458,0.1458,0.2916,0.2916,0.0,0.0,0.0,0.4374,0.0001,0.0,0.0,0.0,0.0,0.0,0.0,0.0,0.0,0.0,0.0001,0.0,0.0,0.0,0.0,0.0,0.0,0.0,0.0,0.0,0.3102,0.2799,0.2641,0.3102,0.2799,0.2641
1.5977,0.7988,0.0,0.3994,0.0,1.1982,0.5991,0.7988,0.0,0.0,1.5977,0.0,0.0,0.0,0.0,0.1997,0.1997,0.0,0.1997,0.0,0.0001,0.0,0.0,0.0,0.0,0.0001,0.0,0.0,0.0,0.0,0.0001,0.0,0.0,0.0,0.0,0.0,0.0,0.0,0.0,0.0,0.261,0.2665,0.2728,0.261,0.2665,0.2728
0.4145,0.0,0.6217,0.2072,0.6217,0.4145,1.4507,1.0362,0.4145,0.0,0.2072,0.4145,0.2072,0.2072,0.4145,0.6217,0.0,0.0,0.2072,0.2072,0.0,0.0,0.0,0.0,0.0,0.0,0.0001,0.0,0.0,0.0,0.0,0.0,0.0,0.0,0.0,0.0,0.0,0.0,0.0,0.0,0.2416,0.3135,0.2376,0.2416,0.3135,0.2376
0.2762,0.5524,1.1047,0.0,0.5524,0.0,0.2762,0.8285,0.0,0.0,0.2762,0.8285,0.0,0.5524,0.8285,0.5524,0.2762,0.2762,0.2762,0.2762,0.0,0.0,0.0,0.0,0.0,0.0,0.0,0.0,0.0,0.0,0.0,0.0,0.0,0.0,0.0,0.0,0.0,0.0,0.0,0.0,0.2035,0.2444,0.276,0.2035,0.2444,0.276
0.8937,0.4468,0.1489,1.0426,0.0,0.2979,0.1489,0.8937,0.2979,0.1489,0.5958,0.2979,0.0,0.0,0.5958,0.7447,0.0,0.1489,0.1489,0.2979,0.0,0.0,0.0,0.0001,0.0,0.0,0.0,0.0,0.0,0.0,0.0,0.0,0.0,0.0,0.0,0.0,0.0,0.0,0.0,0.0,0.2813,0.283,0.2868,0.2813,0.283,0.2868
0.6236,0.9355,0.0,0.0,0.0,0.9355,0.0,0.9355,0.0,0.0,0.6236,0.3118,0.0,0.6236,0.3118,0.9355,0.3118,0.0,0.0,0.3118,0.0,0.0001,0.0,0.0,0.0,0.0001,0.0,0.0001,0.0,0.0,0.0,0.0,0.0,0.0,0.0,0.0001,0.0,0.0,0.0,0.0,0.2682,0.2235,0.1966,0.2682,0.2235,0.1966
0.0,0.3205,0.3205,0.641,0.0,0.3205,0.3205,0.641,0.641,0.0,0.0,0.3205,0.9615,0.3205,0.3205,0.3205,0.3205,0.0,0.3205,0.641,0.0,0.0,0.0,0.0,0.0,0.0,0.0,0.0,0.0,0.0,0.0,0.0,0.0001,0.0,0.0,0.0,0.0,0.0,0.0,0.0,0.2656,0.2163,0.1976,0.2656,0.2163,0.1976
1.2363,0.6181,0.0,0.0,0.0,0.6181,0.0,1.2363,0.0,0.0,0.0,0.0,1.2363,0.6181,0.6181,0.6181,0.0,0.0,0.0,0.0,0.0001,0.0,0.0,0.0,0.0,0.0,0.0,0.0001,0.0,0.0,0.0,0.0,0.0001,0.0,0.0,0.0,0.0,0.0,0.0,0.0,0.1755,0.1384,0.0679,0.1755,0.1384,0.0679
0.2081,0.4161,0.2081,0.4161,0.6242,0.2081,0.6242,1.0403,0.2081,0.0,0.8322,0.2081,0.0,0.4161,0.6242,0.8322,0.2081,0.2081,0.0,0.8322,0.0,0.0,0.0,0.0,0.0,0.0,0.0,0.0,0.0,0.0,0.0,0.0,0.0,0.0,0.0,0.0,0.0,0.0,0.0,0.0,0.2547,0.2662,0.2711,0.2547,0.2662,0.2711
0.9769,0.4884,0.0,0.0,0.0,0.0,0.0,1.4653,0.0,0.4884,0.9769,0.0,0.4884,0.0,0.0,0.4884,0.4884,0.0,0.9769,0.0,0.0001,0.0,0.0,0.0,0.0,0.0,0.0,0.0001,0.0,0.0,0.0001,0.0,0.0,0.0,0.0,0.0,0.0,0.0,0.0001,0.0,0.1712,0.1938,0.1466,0.1712,0.1938,0.1466
0.5023,1.0045,0.5023,0.4018,0.6027,0.0,0.3014,1.0045,0.1005,0.5023,0.7032,0.2009,0.3014,0.7032,0.8036,0.6027,0.5023,0.0,0.1005,0.1005,0.0,0.0,0.0,0.0,0.0,0.0,0.0,0.0,0.0,0.0,0.0,0.0,0.0,0.0,0.0,0.0,0.0,0.0,0.0,0.0,0.2952,0.3178,0.2865,0.2952,0.3178,0.2865
0.0,1.3112,0.8741,0.4371,0.0,0.4371,0.0,0.0,0.0,0.0,0.4371,0.0,0.0,0.8741,0.4371,0.0,0.0,0.0,0.0,0.0,0.0,0.0002,0.0001,0.0001,0.0,0.0001,0.0,0.0,0.0,0.0,0.0001,0.0,0.0,0.0001,0.0001,0.0,0.0,0.0,0.0,0.0,0.2761,0.078,0.2088,0.2761,0.078,0.2088
0.0,0.8909,1.3364,0.0,0.0,0.0,0.4455,0.0,0.0,0.4455,0.4455,0.0,0.0,0.4455,0.4455,1.3364,0.0,0.0,0.0,0.0,0.0,0.0001,0.0001,0.0,0.0,0.0,0.0,0.0,0.0,0.0,0.0,0.0,0.0,0.0,0.0,0.0001,0.0,0.0,0.0,0.0,0.2422,0.1668,0.1455,0.2422,0.1668,0.1455
1.428,0.476,0.6347,0.1587,0.0,0.1587,0.7933,0.3173,0.6347,0.6347,1.1107,0.3173,0.1587,0.0,0.476,0.476,0.0,0.0,0.0,0.6347,0.0001,0.0,0.0,0.0,0.0,0.0,0.0,0.0,0.0,0.0,0.0001,0.0,0.0,0.0,0.0,0.0,0.0,0.0,0.0,0.0,0.272,0.3159,0.2534,0.272,0.3159,0.2534
1.2599,0.42,0.42,0.0,0.0,0.8399,0.42,0.8399,0.0,0.0,0.8399,0.0,0.0,0.8399,0.42,0.8399,0.0,0.42,0.0,0.0,0.0001,0.0,0.0,0.0,0.0,0.0,0.0,0.0,0.0,0.0,0.0,0.0,0.0,0.0,0.0,0.0,0.0,0.0,0.0,0.0,0.2175,0.1831,0.1794,0.2175,0.1831,0.1794
0.2787,0.836,0.5573,0.0,0.0,0.2787,0.0,0.5573,0.5573,0.2787,0.0,0.2787,0.0,0.2787,0.5573,0.0,0.2787,0.2787,0.0,0.836,0.0,0.0001,0.0,0.0,0.0,0.0,0.0,0.0,0.0,0.0,0.0,0.0,0.0,0.0,0.0,0.0,0.0,0.0,0.0,0.0001,0.2812,0.2533,0.1868,0.2812,0.2533,0.1868
0.3589,0.8972,0.3589,0.5383,0.0,0.5383,0.5383,0.0,0.1794,0.5383,1.2561,0.0,0.0,0.3589,0.1794,0.7178,0.5383,0.0,0.0,0.1794,0.0,0.0,0.0,0.0,0.0,0.0,0.0,0.0,0.0,0.0,0.0001,0.0,0.0,0.0,0.0,0.0,0.0,0.0,0.0,0.0,0.3012,0.2717,0.2477,0.3012,0.2717,0.2477
0.5569,0.5569,0.0,0.5569,0.0,0.0,0.0,0.5569,0.0,0.5569,0.5569,0.0,0.0,0.5569,0.5569,1.6708,0.0,0.0,0.0,0.5569,0.0,0.0,0.0,0.0,0.0,0.0,0.0,0.0,0.0,0.0,0.0,0.0,0.0,0.0,0.0,0.0001,0.0,0.0,0.0,0.0,0.1863,0.136,0.1208,0.1863,0.136,0.1208
0.0,0.0,0.3147,0.944,0.0,0.3147,0.3147,0.944,0.0,0.0,0.3147,0.944,0.3147,0.3147,0.944,0.3147,0.3147,0.3147,0.3147,0.0,0.0,0.0,0.0,0.0001,0.0,0.0,0.0,0.0001,0.0,0.0,0.0,0.0001,0.0,0.0,0.0001,0.0,0.0,0.0,0.0,0.0,0.2761,0.245,0.1643,0.2761,0.245,0.1643
0.5351,0.0,0.0,0.0,0.0,0.0,0.2675,1.0702,0.2675,0.5351,0.5351,1.0702,0.2675,0.5351,0.0,0.8026,0.0,0.0,0.0,0.2675,0.0,0.0,0.0,0.0,0.0,0.0,0.0,0.0001,0.0,0.0,0.0,0.0001,0.0,0.0,0.0,0.0,0.0,0.0,0.0,0.0,0.2787,0.2847,0.169,0.2787,0.2847,0.169
1.5074,0.5025,1.0049,0.0,0.0,0.0,0.0,0.5025,0.0,0.0,1.0049,0.0,0.5025,0.0,0.0,1.0049,0.0,0.0,0.5025,0.0,0.0001,0.0,0.0001,0.0,0.0,0.0,0.0,0.0,0.0,0.0,0.0001,0.0,0.0,0.0,0.0,0.0001,0.0,0.0,0.0,0.0,0.1664,0.1605,0.1707,0.1664,0.1605,0.1707
0.7752,1.0853,0.0775,0.5426,0.0,0.5426,0.4651,0.3876,0.0775,0.155,0.6201,0.155,0.2326,0.0775,0.6201,0.5426,0.155,0.0775,0.3101,0.4651,0.0,0.0001,0.0,0.0,0.0,0.0,0.0,0.0,0.0,0.0,0.0,0.0,0.0,0.0,0.0,0.0,0.0,0.0,0.0,0.0,0.3231,0.3267,0.2727,0.3231,0.3267,0.2727
0.3961,0.6931,0.4951,0.6931,0.5941,0.0,0.3961,0.099,0.198,0.099,0.4951,0.5941,0.099,0.5941,0.099,0.4951,0.198,0.0,0.198,0.6931,0.0,0.0,0.0,0.0,0.0,0.0,0.0,0.0,0.0,0.0,0.0,0.0,0.0,0.0,0.0,0.0,0.0,0.0,0.0,0.0,0.2884,0.3409,0.2717,0.2884,0.3409,0.2717
0.3553,0.0,0.0,1.0659,0.0,0.0,1.4212,0.0,0.0,0.3553,1.0659,0.0,0.3553,0.0,0.0,0.7106,0.3553,0.0,0.0,0.0,0.0,0.0,0.0,0.0001,0.0,0.0,0.0001,0.0,0.0,0.0,0.0001,0.0,0.0,0.0,0.0,0.0,0.0,0.0,0.0,0.0,0.1929,0.2552,0.1966,0.1929,0.2552,0.1966
0.8552,0.5701,1.1403,0.2851,0.2851,0.0,0.0,0.8552,0.2851,0.2851,0.8552,0.0,0.2851,0.5701,0.2851,1.4253,0.8552,0.0,0.0,0.2851,0.0,0.0,0.0,0.0,0.0,0.0,0.0,0.0,0.0,0.0,0.0,0.0,0.0,0.0,0.0,0.0001,0.0,0.0,0.0,0.0,0.2352,0.2794,0.2003,0.2352,0.2794,0.2003
0.6893,0.6893,0.2298,0.0,0.0,0.4595,1.1488,0.2298,0.2298,0.0,0.4595,0.0,0.0,0.0,0.4595,0.2298,1.3786,0.2298,0.0,0.4595,0.0001,0.0001,0.0,0.0,0.0,0.0,0.0001,0.0,0.0,0.0,0.0,0.0,0.0,0.0,0.0,0.0,0.0001,0.0,0.0,0.0,0.2805,0.2074,0.2823,0.2805,0.2074,0.2823
0.6828,1.0241,0.3414,0.0,0.0,0.0,0.3414,0.3414,0.3414,0.0,1.0241,0.0,0.0,0.6828,0.6828,0.3414,0.0,0.0,0.0,0.6828,0.0,0.0001,0.0,0.0,0.0,0.0,0.0,0.0,0.0,0.0,0.0001,0.0,0.0,0.0,0.0,0.0,0.0,0.0,0.0,0.0,0.2351,0.1852,0.2383,0.2351,0.1852,0.2383
0.1994,1.1962,0.3987,0.1994,0.0,0.5981,0.5981,0.7975,0.1994,0.3987,0.5981,0.1994,0.1994,0.1994,0.0,0.5981,0.1994,0.1994,0.1994,0.1994,0.0,0.0001,0.0,0.0,0.0,0.0,0.0,0.0,0.0,0.0,0.0,0.0,0.0,0.0,0.0,0.0,0.0,0.0,0.0,0.0,0.2382,0.2738,0.2886,0.2382,0.2738,0.2886
0.8561,0.214,0.535,0.428,1.0701,0.321,0.321,0.6421,0.107,0.535,0.7491,0.7491,0.214,0.107,0.214,0.8561,0.535,0.321,0.214,0.428,0.0,0.0,0.0,0.0,0.0,0.0,0.0,0.0,0.0,0.0,0.0,0.0,0.0,0.0,0.0,0.0,0.0,0.0,0.0,0.0,0.2919,0.2953,0.3058,0.2919,0.2953,0.3058
0.0,0.0,1.0155,0.0,0.0,1.0155,0.0,0.5077,0.5077,0.0,0.0,0.0,0.0,0.5077,0.5077,0.5077,0.0,0.5077,0.5077,0.0,0.0,0.0,0.0001,0.0,0.0,0.0001,0.0,0.0,0.0,0.0,0.0,0.0,0.0,0.0,0.0,0.0,0.0,0.0,0.0,0.0,0.1776,0.1639,0.1508,0.1776,0.1639,0.1508
0.3298,0.3298,0.3298,0.6596,0.0,0.0,0.0,0.3298,0.0,0.3298,0.3298,0.6596,0.0,0.9894,0.3298,0.6596,0.0,0.0,0.0,0.3298,0.0,0.0,0.0,0.0,0.0,0.0,0.0,0.0,0.0,0.0,0.0,0.0,0.0,0.0001,0.0,0.0,0.0,0.0,0.0,0.0,0.2693,0.2223,0.1786,0.2693,0.2223,0.1786
0.9101,0.4551,0.0,0.0,0.0,0.4551,0.0,0.9101,0.9101,0.0,1.3652,0.0,0.0,0.0,0.0,1.3652,0.0,0.0,0.0,0.0,0.0001,0.0,0.0,0.0,0.0,0.0,0.0,0.0001,0.0001,0.0,0.0001,0.0,0.0,0.0,0.0,0.0001,0.0,0.0,0.0,0.0,0.1864,0.2023,0.1562,0.1864,0.2023,0.1562
0.8109,0.0,1.2163,0.4054,0.0,0.0,0.4054,0.0,0.0,0.4054,2.0272,0.4054,0.0,0.0,0.4054,0.8109,0.0,0.0,0.0,0.4054,0.0,0.0,0.0001,0.0,0.0,0.0,0.0,0.0,0.0,0.0,0.0001,0.0,0.0,0.0,0.0,0.0,0.0,0.0,0.0,0.0,0.2128,0.213,0.1687,0.2128,0.213,0.1687
0.9013,0.4506,0.0,0.4506,0.0,0.9013,0.0,0.0,0.0,0.0,1.3519,0.4506,0.0,0.0,0.4506,0.4506,0.0,0.0,0.0,0.0,0.0001,0.0,0.0,0.0,0.0,0.0001,0.0,0.0,0.0,0.0,0.0001,0.0,0.0,0.0,0.0,0.0,0.0,0.0,0.0,0.0,0.2271,0.1077,0.2145,0.2271,0.1077,0.2145
0.3742,1.1226,0.3742,0.5613,0.0,0.3742,0.7484,0.0,0.1871,0.3742,1.3097,0.1871,0.0,0.1871,0.0,0.3742,0.1871,0.0,0.3742,0.0,0.0,0.0001,0.0,0.0,0.0,0.0,0.0,0.0,0.0,0.0,0.0001,0.0,0.0,0.0,0.0,0.0,0.0,0.0,0.0,0.0,0.2881,0.2623,0.2625,0.2881,0.2623,0.2625
0.4594,0.4594,0.0,0.4594,0.0,0.0,0.0,0.4594,0.4594,0.4594,1.3782,0.0,0.0,0.0,0.4594,0.9188,0.0,0.0,0.0,0.0,0.0,0.0,0.0,0.0,0.0,0.0,0.0,0.0,0.0,0.0,0.0001,0.0,0.0,0.0,0.0,0.0001,0.0,0.0,0.0,0.0,0.1393,0.2156,0.1857,0.1393,0.2156,0.1857
0.0,0.5048,0.5048,0.0,0.0,0.0,0.0,1.5143,0.5048,1.0095,0.5048,0.0,0.5048,0.0,0.0,0.0,0.0,0.0,0.0,0.5048,0.0,0.0,0.0,0.0,0.0,0.0,0.0,0.0001,0.0,0.0001,0.0,0.0,0.0,0.0,0.0,0.0,0.0,0.0,0.0,0.0,0.1576,0.1816,0.1561,0.1576,0.1816,0.1561
0.2003,0.6008,0.6008,0.8011,0.0,0.2003,0.0,0.4005,0.2003,0.2003,0.6008,0.6008,0.0,0.4005,0.0,0.8011,0.8011,0.2003,0.4005,0.2003,0.0,0.0,0.0,0.0,0.0,0.0,0.0,0.0,0.0,0.0,0.0,0.0,0.0,0.0,0.0,0.0,0.0,0.0,0.0,0.0,0.2639,0.3037,0.2322,0.2639,0.3037,0.2322
0.3879,0.3879,0.0,0.3879,0.0,0.0,0.0,0.7759,0.3879,0.3879,0.0,0.0,0.0,1.1638,0.0,1.5517,0.0,0.0,0.0,0.3879,0.0,0.0,0.0,0.0,0.0,0.0,0.0,0.0,0.0,0.0,0.0,0.0,0.0,0.0001,0.0,0.0001,0.0,0.0,0.0,0.0,0.2546,0.23,0.1274,0.2546,0.23,0.1274
0.3713,0.3713,0.7427,0.0,0.0,0.0,0.3713,0.3713,0.0,1.114,0.3713,0.7427,0.0,0.3713,0.3713,0.0,0.3713,0.0,0.0,0.0,0.0,0.0,0.0001,0.0,0.0,0.0,0.0,0.0,0.0,0.0001,0.0,0.0001,0.0,0.0,0.0,0.0,0.0,0.0,0.0,0.0,0.272,0.2087,0.1479,0.272,0.2087,0.1479
0.0,0.0,0.4471,0.8943,0.0,0.4471,0.0,0.8943,0.4471,0.4471,0.8943,0.0,0.0,0.4471,0.0,1.3414,0.8943,0.0,0.0,0.0,0.0,0.0,0.0,0.0,0.0,0.0,0.0,0.0,0.0,0.0,0.0,0.0,0.0,0.0,0.0,0.0001,0.0,0.0,0.0,0.0,0.2225,0.2157,0.1146,0.2225,0.2157,0.1146
1.0573,0.3524,0.7048,0.7048,0.0,0.7048,0.0,0.7048,0.0,0.3524,0.3524,0.0,0.7048,0.3524,0.3524,0.7048,0.0,0.0,0.7048,0.0,0.0,0.0,0.0,0.0,0.0,0.0,0.0,0.0,0.0,0.0,0.0,0.0,0.0,0.0,0.0,0.0,0.0,0.0,0.0,0.0,0.2379,0.2469,0.1627,0.2379,0.2469,0.1627
0.0,0.4378,0.2189,0.6567,0.0,0.6567,0.0,0.2189,0.0,0.0,0.4378,0.4378,0.0,0.6567,1.0945,0.4378,0.8756,0.2189,0.4378,0.6567,0.0,0.0,0.0,0.0,0.0,0.0,0.0,0.0,0.0,0.0,0.0,0.0,0.0,0.0,0.0001,0.0,0.0,0.0,0.0,0.0,0.2764,0.2772,0.2274,0.2764,0.2772,0.2274
0.5387,0.5387,0.5387,0.0,0.0,0.0,0.5387,1.3468,0.0,0.0,0.8081,0.5387,0.0,0.8081,0.0,0.5387,0.2694,0.0,0.2694,0.2694,0.0,0.0,0.0,0.0,0.0,0.0,0.0,0.0001,0.0,0.0,0.0,0.0,0.0,0.0,0.0,0.0,0.0,0.0,0.0,0.0,0.2325,0.2349,0.2633,0.2325,0.2349,0.2633
0.0,0.4015,0.0,0.4015,0.0,0.0,0.4015,0.4015,0.4015,0.8031,0.4015,0.0,0.0,0.8031,1.2046,0.4015,0.4015,0.0,0.4015,0.0,0.0,0.0,0.0,0.0,0.0,0.0,0.0,0.0,0.0,0.0001,0.0,0.0,0.0,0.0001,0.0001,0.0,0.0,0.0,0.0,0.0,0.2328,0.1929,0.1728,0.2328,0.1929,0.1728
0.0,0.0,1.0318,0.5159,0.0,0.0,0.0,1.0318,0.0,0.5159,0.5159,0.0,1.5476,0.5159,0.5159,1.0318,0.0,0.0,0.5159,0.0,0.0,0.0,0.0,0.0,0.0,0.0,0.0,0.0,0.0,0.0,0.0,0.0,0.0001,0.0,0.0,0.0,0.0,0.0,0.0,0.0,0.1897,0.1545,0.1399,0.1897,0.1545,0.1399
0.4474,0.4474,0.4474,0.0,0.0,0.4474,0.0,0.8947,0.4474,0.0,0.8947,0.0,0.0,0.0,0.4474,1.3421,0.4474,0.0,0.4474,0.4474,0.0,0.0,0.0,0.0,0.0,0.0,0.0,0.0,0.0,0.0,0.0,0.0,0.0,0.0,0.0,0.0001,0.0,0.0,0.0,0.0,0.1598,0.2157,0.1771,0.1598,0.2157,0.1771
0.0,1.1015,0.0,0.0,0.0,0.5507,0.0,1.1015,0.0,0.5507,0.0,0.0,0.0,0.0,2.7537,0.0,0.0,0.0,0.0,0.0,0.0,0.0001,0.0,0.0,0.0,0.0001,0.0,0.0001,0.0,0.0001,0.0,0.0,0.0,0.0,0.0003,0.0,0.0,0.0,0.0,0.0,0.1755,0.1538,0.1199,0.1755,0.1538,0.1199
0.8833,0.265,0.1767,0.6183,0.1767,0.4416,0.7066,0.4416,0.0,0.53,0.8833,0.9716,0.265,0.0883,0.1767,0.4416,0.0,0.1767,0.3533,0.1767,0.0,0.0,0.0,0.0,0.0,0.0,0.0,0.0,0.0,0.0,0.0,0.0,0.0,0.0,0.0,0.0,0.0,0.0,0.0,0.0,0.3387,0.2668,0.3061,0.3387,0.2668,0.3061
0.9407,0.4704,0.4704,0.4704,0.0,0.0,0.0,0.4704,0.0,0.0,0.9407,0.0,0.0,0.4704,0.4704,0.4704,0.4704,0.0,0.0,0.4704,0.0001,0.0,0.0,0.0,0.0,0.0,0.0,0.0,0.0,0.0,0.0001,0.0,0.0,0.0,0.0,0.0,0.0,0.0,0.0,0.0,0.1526,0.1857,0.1914,0.1526,0.1857,0.1914
0.0,0.0,0.0,0.9371,0.0,0.9371,0.0,0.4686,0.4686,0.0,0.0,0.0,0.0,0.9371,0.0,0.4686,0.4686,0.0,0.4686,0.0,0.0,0.0,0.0,0.0001,0.0,0.0001,0.0,0.0,0.0,0.0,0.0,0.0,0.0,0.0001,0.0,0.0,0.0,0.0,0.0,0.0,0.2247,0.152,0.1548,0.2247,0.152,0.1548
0.3532,0.3532,0.7065,0.3532,0.0,0.3532,0.3532,0.7065,0.0,0.0,0.7065,0.0,0.0,1.7661,0.3532,0.3532,0.3532,0.0,0.0,0.0,0.0,0.0,0.0,0.0,0.0,0.0,0.0,0.0,0.0,0.0,0.0,0.0,0.0,0.0001,0.0,0.0,0.0,0.0,0.0,0.0,0.221,0.2018,0.2241,0.221,0.2018,0.2241
0.5866,0.7821,0.0,0.0,0.391,0.0,0.5866,0.7821,0.391,0.0,0.5866,0.1955,0.1955,0.1955,0.7821,0.1955,0.391,0.1955,0.0,0.5866,0.0,0.0,0.0,0.0,0.0,0.0,0.0,0.0,0.0,0.0,0.0,0.0,0.0,0.0,0.0,0.0,0.0,0.0,0.0,0.0,0.2508,0.2708,0.2828,0.2508,0.2708,0.2828
0.0,0.6859,1.0289,0.0,0.0,0.0,0.343,1.0289,0.0,0.343,0.0,0.0,0.0,0.343,0.343,0.0,0.0,0.0,0.6859,0.343,0.0,0.0,0.0001,0.0,0.0,0.0,0.0,0.0001,0.0,0.0,0.0,0.0,0.0,0.0,0.0,0.0,0.0,0.0,0.0,0.0,0.2018,0.2323,0.223,0.2018,0.2323,0.223
0.0,0.7093,0.3547,0.6207,0.1773,0.4433,0.798,0.4433,0.1773,0.1773,0.798,0.6207,0.0,0.3547,0.3547,0.0887,0.266,0.0887,0.3547,0.4433,0.0,0.0,0.0,0.0,0.0,0.0,0.0,0.0,0.0,0.0,0.0,0.0,0.0,0.0,0.0,0.0,0.0,0.0,0.0,0.0,0.2897,0.315,0.3066,0.2897,0.315,0.3066
0.0,0.4983,0.0,0.0,0.0,0.0,0.4983,1.495,0.0,0.0,0.4983,0.0,0.0,0.4983,0.0,0.4983,0.4983,0.0,0.4983,0.4983,0.0,0.0,0.0,0.0,0.0,0.0,0.0,0.0001,0.0,0.0,0.0,0.0,0.0,0.0,0.0,0.0,0.0,0.0,0.0,0.0,0.2146,0.1294,0.1577,0.2146,0.1294,0.1577
0.4942,0.0,0.0,0.0,0.0,0.0,2.4709,0.0,0.4942,0.0,0.0,0.4942,0.0,0.4942,0.4942,0.9884,0.0,0.0,0.0,0.4942,0.0,0.0,0.0,0.0,0.0,0.0,0.0002,0.0,0.0,0.0,0.0,0.0,0.0,0.0,0.0,0.0001,0.0,0.0,0.0,0.0,0.1715,0.1795,0.1548,0.1715,0.1795,0.1548
0.7028,0.4393,0.0879,0.4393,0.5271,0.4393,0.7907,0.4393,0.0879,0.4393,0.8785,0.8785,0.0879,0.0879,0.3514,0.4393,0.0879,0.0,0.2636,0.3514,0.0,0.0,0.0,0.0,0.0,0.0,0.0,0.0,0.0,0.0,0.0,0.0,0.0,0.0,0.0,0.0,0.0,0.0,0.0,0.0,0.3034,0.355,0.2538,0.3034,0.355,0.2538
0.8397,0.0,0.8397,0.8397,0.0,0.0,0.0,1.2596,0.0,0.0,0.4199,0.0,0.0,1.2596,0.0,0.8397,0.0,0.0,0.0,0.0,0.0,0.0,0.0,0.0,0.0,0.0,0.0,0.0001,0.0,0.0,0.0,0.0,0.0,0.0001,0.0,0.0,0.0,0.0,0.0,0.0,0.2289,0.1977,0.1536,0.2289,0.1977,0.1536
0.1864,1.1184,0.1864,0.5592,0.0,0.0,0.0,0.1864,0.0,0.0,1.1184,0.3728,0.1864,0.7456,0.932,0.3728,0.5592,0.0,0.0,0.1864,0.0,0.0001,0.0,0.0,0.0,0.0,0.0,0.0,0.0,0.0,0.0001,0.0,0.0,0.0,0.0001,0.0,0.0,0.0,0.0,0.0,0.3071,0.2316,0.2749,0.3071,0.2316,0.2749
1.4958,0.4986,0.0,0.9972,0.0,0.4986,0.0,0.2493,0.2493,0.2493,0.7479,0.0,0.0,0.2493,0.7479,0.4986,0.4986,0.0,0.7479,0.0,0.0001,0.0,0.0,0.0001,0.0,0.0,0.0,0.0,0.0,0.0,0.0,0.0,0.0,0.0,0.0,0.0,0.0,0.0,0.0,0.0,0.2201,0.2492,0.2814,0.2201,0.2492,0.2814
0.6804,0.7938,0.3402,0.6804,0.0,0.4536,0.0,0.7938,0.1134,0.567,0.567,0.3402,0.3402,0.1134,0.6804,0.567,0.2268,0.1134,0.2268,0.3402,0.0,0.0,0.0,0.0,0.0,0.0,0.0,0.0,0.0,0.0,0.0,0.0,0.0,0.0,0.0,0.0,0.0,0.0,0.0,0.0,0.2969,0.3095,0.2802,0.2969,0.3095,0.2802
0.7026,0.4684,0.0,0.2342,0.0,0.4684,1.8736,0.2342,0.2342,0.2342,1.171,0.2342,0.0,0.0,0.2342,0.4684,0.0,0.0,0.0,0.2342,0.0,0.0,0.0,0.0,0.0,0.0,0.0001,0.0,0.0,0.0,0.0001,0.0,0.0,0.0,0.0,0.0,0.0,0.0,0.0,0.0,0.3232,0.2615,0.1811,0.3232,0.2615,0.1811
1.5521,0.2587,0.2587,0.0,0.0,0.776,1.5521,0.776,0.0,0.0,0.776,0.0,0.0,0.0,1.2934,0.776,0.0,0.2587,0.0,1.2934,0.0001,0.0,0.0,0.0,0.0,0.0,0.0001,0.0,0.0,0.0,0.0,0.0,0.0,0.0,0.0001,0.0,0.0,0.0,0.0,0.0001,0.2289,0.2808,0.2316,0.2289,0.2808,0.2316
0.0,0.0,1.692,0.0,0.0,1.128,0.564,0.0,0.0,0.564,0.564,0.0,0.0,0.0,0.564,1.692,0.0,0.0,0.564,0.564,0.0,0.0,0.0001,0.0,0.0,0.0001,0.0,0.0,0.0,0.0,0.0,0.0,0.0,0.0,0.0,0.0001,0.0,0.0,0.0,0.0,0.1463,0.1406,0.1491,0.1463,0.1406,0.1491
0.0,0.6873,0.0,0.3436,0.0,0.3436,0.0,1.0309,0.3436,0.3436,0.0,0.0,0.3436,0.6873,0.0,0.3436,0.0,0.0,0.0,0.3436,0.0,0.0,0.0,0.0,0.0,0.0,0.0,0.0001,0.0,0.0,0.0,0.0,0.0,0.0,0.0,0.0,0.0,0.0,0.0,0.0,0.2364,0.2441,0.1759,0.2364,0.2441,0.1759
0.4017,0.0,0.0,0.8034,1.6068,0.4017,0.4017,0.4017,0.0,0.4017,0.8034,0.0,0.0,0.0,0.4017,0.0,0.8034,0.0,0.4017,1.2051,0.0,0.0,0.0,0.0,0.0,0.0,0.0,0.0,0.0,0.0,0.0,0.0,0.0,0.0,0.0,0.0,0.0,0.0,0.0,0.0,0.182,0.226,0.1902,0.182,0.226,0.1902
0.2601,0.2601,1.0403,0.2601,0.0,0.0,0.2601,0.2601,0.0,0.5201,0.0,1.0403,0.5201,0.5201,0.2601,0.7802,0.5201,0.0,0.0,0.2601,0.0,0.0,0.0001,0.0,0.0,0.0,0.0,0.0,0.0,0.0,0.0,0.0001,0.0,0.0,0.0,0.0,0.0,0.0,0.0,0.0,0.269,0.2747,0.1962,0.269,0.2747,0.1962
0.7093,0.532,0.0,0.532,0.0,0.7093,0.532,0.3546,0.1773,0.0,0.7093,0.1773,0.1773,0.3546,0.3546,0.3546,0.0,0.0,0.532,0.7093,0.0,0.0,0.0,0.0,0.0,0.0,0.0,0.0,0.0,0.0,0.0,0.0,0.0,0.0,0.0,0.0,0.0,0.0,0.0,0.0,0.2745,0.2955,0.2526,0.2745,0.2955,0.2526
0.8491,0.8491,0.0,0.0,0.0,0.0,0.4245,0.4245,0.0,0.0,0.0,0.4245,0.0,0.8491,1.6982,0.0,0.4245,0.0,0.0,0.4245,0.0001,0.0001,0.0,0.0,0.0,0.0,0.0,0.0,0.0,0.0,0.0,0.0,0.0,0.0001,0.0001,0.0,0.0,0.0,0.0,0.0,0.2265,0.1849,0.164,0.2265,0.1849,0.164
0.6272,0.6272,0.3136,0.6272,0.0,0.0,0.3136,0.3136,0.0,0.0,0.6272,0.3136,0.0,0.6272,0.0,2.1952,0.0,0.0,0.0,0.0,0.0,0.0,0.0,0.0,0.0,0.0,0.0,0.0,0.0,0.0,0.0,0.0,0.0,0.0,0.0,0.0001,0.0,0.0,0.0,0.0,0.1939,0.2352,0.2574,0.1939,0.2352,0.2574
1.0545,0.5272,0.0,0.0,0.0,0.0,0.5272,1.0545,0.0,0.5272,0.5272,0.0,0.0,0.5272,1.0545,0.0,0.0,0.0,0.0,0.5272,0.0001,0.0,0.0,0.0,0.0,0.0,0.0,0.0001,0.0,0.0,0.0,0.0,0.0,0.0,0.0001,0.0,0.0,0.0,0.0,0.0,0.1847,0.1784,0.1096,0.1847,0.1784,0.1096
0.1528,0.3055,0.3055,0.4583,0.0,0.3055,0.0,0.6111,0.3055,0.4583,0.6111,0.9166,0.1528,0.4583,0.3055,1.0693,0.0,0.3055,0.3055,0.3055,0.0,0.0,0.0,0.0,0.0,0.0,0.0,0.0,0.0,0.0,0.0,0.0,0.0,0.0,0.0,0.0,0.0,0.0,0.0,0.0,0.2707,0.2996,0.2769,0.2707,0.2996,0.2769
0.6602,0.2201,0.6602,0.2201,0.0,0.0,0.4402,0.0,0.0,0.2201,0.6602,1.1004,0.4402,0.4402,1.1004,0.4402,0.2201,0.2201,0.0,0.6602,0.0,0.0,0.0,0.0,0.0,0.0,0.0,0.0,0.0,0.0,0.0,0.0001,0.0,0.0,0.0001,0.0,0.0,0.0,0.0,0.0,0.2937,0.2496,0.2367,0.2937,0.2496,0.2367
0.0,0.7832,0.7832,0.0,0.0,0.0,0.0,1.1748,0.0,0.0,0.3916,0.0,0.3916,0.7832,1.5663,0.3916,0.0,0.0,0.3916,0.0,0.0,0.0,0.0,0.0,0.0,0.0,0.0,0.0001,0.0,0.0,0.0,0.0,0.0,0.0,0.0001,0.0,0.0,0.0,0.0,0.0,0.1672,0.2255,0.2157,0.1672,0.2255,0.2157
0.911,0.0,0.6073,0.3037,0.6073,0.3037,0.0,1.2146,0.6073,0.0,1.2146,0.3037,0.0,0.6073,0.911,0.6073,0.0,0.0,0.6073,0.6073,0.0,0.0,0.0,0.0,0.0,0.0,0.0,0.0,0.0,0.0,0.0,0.0,0.0,0.0,0.0,0.0,0.0,0.0,0.0,0.0,0.1857,0.2549,0.2558,0.1857,0.2549,0.2558
0.467,0.467,0.467,0.467,0.0,0.0,0.0,1.8679,0.0,0.0,0.934,0.0,0.0,0.467,0.0,1.4009,0.467,0.0,0.0,0.0,0.0,0.0,0.0,0.0,0.0,0.0,0.0,0.0001,0.0,0.0,0.0,0.0,0.0,0.0,0.0,0.0001,0.0,0.0,0.0,0.0,0.1773,0.1979,0.1578,0.1773,0.1979,0.1578
1.0221,0.2555,0.2555,0.0,0.0,0.5111,1.5332,0.5111,0.0,0.0,1.0221,0.0,0.2555,0.0,1.7887,0.7666,0.5111,0.2555,0.0,0.7666,0.0,0.0,0.0,0.0,0.0,0.0,0.0001,0.0,0.0,0.0,0.0,0.0,0.0,0.0,0.0001,0.0,0.0,0.0,0.0,0.0,0.2487,0.2701,0.2256,0.2487,0.2701,0.2256
0.0,0.4044,1.2131,0.4044,0.0,0.4044,0.4044,0.0,0.0,0.8088,1.2131,0.0,0.4044,0.0,0.4044,0.8088,0.0,0.0,0.0,0.0,0.0,0.0,0.0001,0.0,0.0,0.0,0.0,0.0,0.0,0.0,0.0001,0.0,0.0,0.0,0.0,0.0,0.0,0.0,0.0,0.0,0.2273,0.2119,0.1564,0.2273,0.2119,0.1564
0.7088,0.4253,0.0,0.1418,0.9924,0.0,0.2835,0.4253,0.0,0.1418,0.5671,0.9924,0.2835,0.2835,0.5671,1.2759,0.4253,0.0,0.1418,0.1418,0.0,0.0,0.0,0.0,0.0,0.0,0.0,0.0,0.0,0.0,0.0,0.0,0.0,0.0,0.0,0.0,0.0,0.0,0.0,0.0,0.3008,0.2618,0.2956,0.3008,0.2618,0.2956
0.7794,0.3897,0.3897,0.3897,0.0,0.3897,0.7794,0.0,0.0,0.0,0.3897,0.0,0.3897,0.0,0.0,0.7794,0.0,0.0,0.7794,0.7794,0.0,0.0,0.0,0.0,0.0,0.0,0.0,0.0,0.0,0.0,0.0,0.0,0.0,0.0,0.0,0.0,0.0,0.0,0.0,0.0,0.2065,0.192,0.2118,0.2065,0.192,0.2118
0.347,0.694,0.1735,0.347,0.347,0.347,0.694,1.5615,0.347,0.0,0.347,0.0,0.5205,0.1735,0.694,0.5205,0.347,0.1735,0.1735,0.694,0.0,0.0,0.0,0.0,0.0,0.0,0.0,0.0001,0.0,0.0,0.0,0.0,0.0,0.0,0.0,0.0,0.0,0.0,0.0,0.0,0.3173,0.2777,0.2314,0.3173,0.2777,0.2314
0.4264,0.0,0.2132,0.6396,0.6396,0.4264,1.4924,0.4264,0.8528,0.0,0.4264,0.4264,0.0,0.0,0.4264,0.2132,0.4264,0.0,0.2132,0.2132,0.0,0.0,0.0,0.0,0.0,0.0,0.0001,0.0,0.0,0.0,0.0,0.0,0.0,0.0,0.0,0.0,0.0,0.0,0.0,0.0,0.2496,0.2639,0.2733,0.2496,0.2639,0.2733
0.0,0.0,0.0,0.9906,0.0,0.4953,0.4953,0.4953,0.0,0.0,0.4953,0.4953,0.4953,0.4953,0.9906,0.0,0.0,0.0,0.0,0.4953,0.0,0.0,0.0,0.0001,0.0,0.0,0.0,0.0,0.0,0.0,0.0,0.0,0.0,0.0,0.0001,0.0,0.0,0.0,0.0,0.0,0.2056,0.1399,0.1592,0.2056,0.1399,0.1592
0.4577,0.0,0.4577,0.0,0.0,0.9154,0.0,0.4577,0.0,0.0,0.4577,0.9154,0.0,0.0,0.0,0.4577,0.0,0.9154,0.0,0.0,0.0,0.0,0.0,0.0,0.0,0.0001,0.0,0.0,0.0,0.0,0.0,0.0001,0.0,0.0,0.0,0.0,0.0,0.0001,0.0,0.0,0.2166,0.1854,0.1403,0.2166,0.1854,0.1403
0.448,0.224,0.0,0.896,0.0,0.0,0.224,0.224,0.224,0.0,0.448,0.672,0.0,0.448,0.0,1.12,0.448,0.0,0.672,0.448,0.0,0.0,0.0,0.0,0.0,0.0,0.0,0.0,0.0,0.0,0.0,0.0,0.0,0.0,0.0,0.0001,0.0,0.0,0.0,0.0,0.3135,0.284,0.1784,0.3135,0.284,0.1784
0.4133,0.5167,0.4133,0.93,0.62,0.4133,0.2067,0.1033,0.1033,0.1033,0.62,0.2067,0.4133,0.31,0.0,0.5167,0.2067,0.0,0.7233,0.62,0.0,0.0,0.0,0.0,0.0,0.0,0.0,0.0,0.0,0.0,0.0,0.0,0.0,0.0,0.0,0.0,0.0,0.0,0.0,0.0,0.2663,0.3407,0.2897,0.2663,0.3407,0.2897
0.7762,0.2587,0.2587,0.7762,0.0,0.2587,0.5175,0.2587,0.5175,0.1294,1.1644,0.2587,0.2587,0.2587,0.3881,0.1294,0.0,0.2587,0.2587,0.0,0.0,0.0,0.0,0.0,0.0,0.0,0.0,0.0,0.0,0.0,0.0001,0.0,0.0,0.0,0.0,0.0,0.0,0.0,0.0,0.0,0.2764,0.3032,0.291,0.2764,0.3032,0.291
0.0,0.3502,0.0,1.4006,0.0,0.3502,0.0,1.0505,0.3502,0.0,0.0,0.0,0.3502,0.7003,0.0,0.0,0.0,0.0,0.3502,0.0,0.0,0.0,0.0,0.0001,0.0,0.0,0.0,0.0001,0.0,0.0,0.0,0.0,0.0,0.0001,0.0,0.0,0.0,0.0,0.0,0.0,0.25,0.2386,0.1613,0.25,0.2386,0.1613
0.3299,0.6598,0.6598,0.0,0.0,0.0,0.3299,0.6598,0.3299,0.0,0.6598,0.0,0.0,0.0,0.9897,0.9897,0.6598,0.0,0.6598,0.3299,0.0,0.0,0.0,0.0,0.0,0.0,0.0,0.0,0.0,0.0,0.0,0.0,0.0,0.0,0.0001,0.0001,0.0,0.0,0.0,0.0,0.2377,0.2194,0.213,0.2377,0.2194,0.213
0.2708,0.2708,1.354,0.2708,0.0,0.2708,0.5416,0.5416,0.2708,0.5416,0.0,0.2708,0.2708,0.2708,0.8124,0.5416,0.2708,0.0,0.2708,0.0,0.0,0.0,0.0001,0.0,0.0,0.0,0.0,0.0,0.0,0.0,0.0,0.0,0.0,0.0,0.0,0.0,0.0,0.0,0.0,0.0,0.2334,0.2655,0.2304,0.2334,0.2655,0.2304
0.0,0.5249,0.5249,0.0,0.0,1.3122,0.0,3.1493,0.0,0.0,0.0,0.0,0.2624,1.3122,0.0,0.2624,0.0,0.0,0.0,0.0,0.0,0.0,0.0,0.0,0.0,0.0001,0.0,0.0001,0.0,0.0,0.0,0.0,0.0,0.0001,0.0,0.0,0.0,0.0,0.0,0.0,0.2529,0.2634,0.2213,0.2529,0.2634,0.2213
0.4382,0.0,0.0,0.6572,0.0,0.6572,0.8763,0.6572,0.0,0.0,1.0954,0.4382,0.2191,0.2191,0.6572,0.2191,0.2191,0.4382,0.4382,0.0,0.0,0.0,0.0,0.0,0.0,0.0,0.0,0.0,0.0,0.0,0.0,0.0,0.0,0.0,0.0,0.0,0.0,0.0,0.0,0.0,0.2454,0.2751,0.2604,0.2454,0.2751,0.2604
0.8925,0.8925,0.0811,0.4868,0.0,0.568,0.568,0.4868,0.2434,0.2434,0.4868,0.2434,0.2434,0.0811,0.4868,0.7302,0.0811,0.0811,0.3245,0.4057,0.0,0.0,0.0,0.0,0.0,0.0,0.0,0.0,0.0,0.0,0.0,0.0,0.0,0.0,0.0,0.0,0.0,0.0,0.0,0.0,0.3027,0.3223,0.2938,0.3027,0.3223,0.2938
0.3997,0.7994,0.3997,0.0,0.0,0.3997,0.3997,0.3997,0.0,0.0,0.0,0.0,0.0,0.3997,0.0,0.3997,0.3997,0.0,0.7994,0.3997,0.0,0.0001,0.0,0.0,0.0,0.0,0.0,0.0,0.0,0.0,0.0,0.0,0.0,0.0,0.0,0.0,0.0,0.0,0.0001,0.0,0.1696,0.2325,0.1983,0.1696,0.2325,0.1983
0.6759,0.3379,0.0,0.7885,0.3379,0.4506,0.9011,0.3379,0.3379,0.3379,1.1264,0.2253,0.0,0.1126,0.5632,1.2391,0.2253,0.1126,0.0,0.0,0.0,0.0,0.0,0.0,0.0,0.0,0.0,0.0,0.0,0.0,0.0,0.0,0.0,0.0,0.0,0.0,0.0,0.0,0.0,0.0,0.2966,0.2983,0.2924,0.2966,0.2983,0.2924
0.7193,0.5754,0.2877,0.2877,0.0,0.4316,1.007,0.8631,0.1439,0.2877,0.8631,0.0,0.4316,0.1439,0.8631,0.7193,0.0,0.1439,0.0,0.4316,0.0,0.0,0.0,0.0,0.0,0.0,0.0,0.0,0.0,0.0,0.0,0.0,0.0,0.0,0.0,0.0,0.0,0.0,0.0,0.0,0.2906,0.2837,0.2819,0.2906,0.2837,0.2819
0.7887,0.4732,0.0,0.9464,0.0,0.3155,0.1577,1.1042,0.1577,0.1577,1.1042,0.4732,0.1577,0.0,0.3155,0.4732,0.3155,0.0,0.3155,0.3155,0.0,0.0,0.0,0.0,0.0,0.0,0.0,0.0001,0.0,0.0,0.0001,0.0,0.0,0.0,0.0,0.0,0.0,0.0,0.0,0.0,0.25,0.3166,0.2757,0.25,0.3166,0.2757
1.4276,0.3569,0.3569,0.3569,1.4276,0.3569,0.0,0.3569,0.7138,0.0,1.4276,0.0,0.0,0.0,0.7138,0.7138,0.7138,0.0,0.3569,0.0,0.0,0.0,0.0,0.0,0.0,0.0,0.0,0.0,0.0,0.0,0.0,0.0,0.0,0.0,0.0,0.0,0.0,0.0,0.0,0.0,0.2247,0.2045,0.2139,0.2247,0.2045,0.2139
0.5236,0.2618,0.5236,0.7854,0.0,0.2618,1.0472,0.2618,0.0,0.0,1.309,0.0,0.2618,0.0,0.5236,1.0472,0.2618,0.0,0.0,0.2618,0.0,0.0,0.0,0.0,0.0,0.0,0.0001,0.0,0.0,0.0,0.0001,0.0,0.0,0.0,0.0,0.0001,0.0,0.0,0.0,0.0,0.2593,0.2716,0.2073,0.2593,0.2716,0.2073
0.5015,0.4012,0.3009,0.2006,0.4012,0.5015,0.2006,0.3009,0.2006,0.4012,0.7021,1.1033,0.1003,0.4012,0.5015,0.6018,0.7021,0.1003,0.2006,0.4012,0.0,0.0,0.0,0.0,0.0,0.0,0.0,0.0,0.0,0.0,0.0,0.0,0.0,0.0,0.0,0.0,0.0,0.0,0.0,0.0,0.295,0.2915,0.3132,0.295,0.2915,0.3132
1.7167,0.4292,0.0,0.8584,0.0,0.0,0.0,1.2875,0.0,0.0,0.4292,0.0,0.0,0.4292,0.8584,0.4292,0.4292,0.4292,0.0,0.4292,0.0001,0.0,0.0,0.0,0.0,0.0,0.0,0.0001,0.0,0.0,0.0,0.0,0.0,0.0,0.0,0.0,0.0,0.0,0.0,0.0,0.201,0.2055,0.1643,0.201,0.2055,0.1643
0.9907,0.5661,0.0,0.5661,0.0,0.7076,0.8491,0.1415,0.1415,0.283,1.1322,0.5661,0.1415,0.0,0.4246,0.4246,0.0,0.0,0.1415,0.283,0.0001,0.0,0.0,0.0,0.0,0.0,0.0,0.0,0.0,0.0,0.0001,0.0,0.0,0.0,0.0,0.0,0.0,0.0,0.0,0.0,0.289,0.3247,0.2447,0.289,0.3247,0.2447
0.425,0.425,0.425,0.0,0.0,0.0,0.0,1.2749,0.0,0.0,0.0,0.8499,0.0,0.425,0.425,0.0,0.8499,0.0,0.425,0.425,0.0,0.0,0.0,0.0,0.0,0.0,0.0,0.0001,0.0,0.0,0.0,0.0001,0.0,0.0,0.0,0.0,0.0001,0.0,0.0,0.0,0.1601,0.2337,0.1812,0.1601,0.2337,0.1812
0.0,0.9155,0.4577,0.0,0.0,0.9155,0.0,0.4577,0.0,0.0,0.0,0.0,0.4577,0.4577,0.0,0.4577,0.0,0.4577,0.4577,0.0,0.0,0.0001,0.0,0.0,0.0,0.0001,0.0,0.0,0.0,0.0,0.0,0.0,0.0,0.0,0.0,0.0,0.0,0.0,0.0,0.0,0.2557,0.1872,0.0994,0.2557,0.1872,0.0994
0.3229,0.9687,0.3229,0.0,0.0,0.0,0.3229,0.3229,0.0,0.3229,0.9687,0.6458,0.3229,0.3229,0.6458,0.0,0.3229,0.0,0.3229,0.0,0.0,0.0001,0.0,0.0,0.0,0.0,0.0,0.0,0.0,0.0,0.0001,0.0,0.0,0.0,0.0,0.0,0.0,0.0,0.0,0.0,0.2583,0.2141,0.2047,0.2583,0.2141,0.2047
0.7818,0.7818,0.2234,0.5584,0.0,0.4467,0.1117,0.7818,0.1117,0.335,0.6701,0.335,0.2234,0.335,0.5584,0.6701,0.335,0.1117,0.2234,0.2234,0.0,0.0,0.0,0.0,0.0,0.0,0.0,0.0,0.0,0.0,0.0,0.0,0.0,0.0,0.0,0.0,0.0,0.0,0.0,0.0,0.2934,0.3096,0.2853,0.2934,0.3096,0.2853
0.0,0.8397,0.0,0.0,0.0,0.0,0.4198,1.6794,0.0,0.0,0.8397,0.0,0.0,0.4198,0.0,1.2595,0.0,0.0,0.0,0.0,0.0,0.0001,0.0,0.0,0.0,0.0,0.0,0.0001,0.0,0.0,0.0001,0.0,0.0,0.0,0.0,0.0001,0.0,0.0,0.0,0.0,0.2306,0.2025,0.147,0.2306,0.2025,0.147
0.3377,0.0,0.6753,0.3377,0.0,0.3377,0.0,1.013,0.0,0.0,0.6753,0.6753,0.0,0.3377,0.3377,1.6883,0.3377,0.6753,0.0,0.0,0.0,0.0,0.0,0.0,0.0,0.0,0.0,0.0,0.0,0.0,0.0,0.0,0.0,0.0,0.0,0.0001,0.0,0.0,0.0,0.0,0.2268,0.23,0.2055,0.2268,0.23,0.2055
1.0304,0.2576,0.1717,0.687,0.0859,0.1717,0.6011,0.6011,0.0,0.5152,0.8587,1.0304,0.1717,0.0859,0.1717,0.2576,0.1717,0.1717,0.3435,0.1717,0.0,0.0,0.0,0.0,0.0,0.0,0.0,0.0,0.0,0.0,0.0,0.0,0.0,0.0,0.0,0.0,0.0,0.0,0.0,0.0,0.3398,0.2871,0.2873,0.3398,0.2871,0.2873
0.0,0.5461,0.0,0.0,0.0,0.0,0.0,3.2769,0.0,0.0,0.0,0.0,0.2731,0.0,0.2731,0.0,0.0,0.2731,1.6384,0.0,0.0,0.0,0.0,0.0,0.0,0.0,0.0,0.0002,0.0,0.0,0.0,0.0,0.0,0.0,0.0,0.0,0.0,0.0,0.0001,0.0,0.3135,0.2212,0.1923,0.3135,0.2212,0.1923
0.3228,0.6456,0.3228,0.6456,0.0,0.0,0.3228,0.3228,0.0,0.0,0.3228,0.3228,0.0,0.3228,0.3228,2.2595,0.3228,0.0,0.3228,0.0,0.0,0.0,0.0,0.0,0.0,0.0,0.0,0.0,0.0,0.0,0.0,0.0,0.0,0.0,0.0,0.0001,0.0,0.0,0.0,0.0,0.206,0.2225,0.2488,0.206,0.2225,0.2488
0.9771,0.0,0.4885,0.4885,0.0,0.0,0.4885,1.4656,0.0,0.0,0.9771,0.0,0.0,0.9771,0.0,0.4885,0.0,0.0,0.0,0.0,0.0,0.0,0.0,0.0,0.0,0.0,0.0,0.0001,0.0,0.0,0.0,0.0,0.0,0.0,0.0,0.0,0.0,0.0,0.0,0.0,0.2224,0.1436,0.1455,0.2224,0.1436,0.1455
0.4308,0.0,0.4308,1.7234,0.0,0.0,2.1542,1.2925,0.0,0.0,0.4308,0.0,0.0,0.0,0.0,0.0,0.0,0.0,0.0,0.0,0.0,0.0,0.0,0.0001,0.0,0.0,0.0002,0.0001,0.0,0.0,0.0,0.0,0.0,0.0,0.0,0.0,0.0,0.0,0.0,0.0,0.2042,0.2111,0.1538,0.2042,0.2111,0.1538
0.657,0.8759,0.438,0.0,0.0,0.438,0.0,0.657,0.0,0.438,0.657,0.219,0.219,0.438,0.657,0.657,0.219,0.438,0.0,0.0,0.0,0.0,0.0,0.0,0.0,0.0,0.0,0.0,0.0,0.0,0.0,0.0,0.0,0.0,0.0,0.0,0.0,0.0,0.0,0.0,0.2874,0.284,0.2096,0.2874,0.284,0.2096
0.8913,0.8913,0.2971,0.0,0.0,0.8913,0.0,1.4855,0.2971,0.2971,1.4855,0.0,0.2971,0.0,0.8913,0.2971,0.2971,0.0,0.0,0.0,0.0001,0.0001,0.0,0.0,0.0,0.0001,0.0,0.0001,0.0,0.0,0.0001,0.0,0.0,0.0,0.0001,0.0,0.0,0.0,0.0,0.0,0.2451,0.2671,0.1907,0.2451,0.2671,0.1907
0.0,0.635,0.0,0.0,0.0,0.0,0.0,1.2699,0.0,0.635,0.635,0.0,0.0,0.635,1.2699,1.2699,0.0,0.0,0.0,0.635,0.0,0.0,0.0,0.0,0.0,0.0,0.0,0.0001,0.0,0.0,0.0,0.0,0.0,0.0,0.0001,0.0001,0.0,0.0,0.0,0.0,0.1661,0.1107,0.0882,0.1661,0.1107,0.0882
0.5716,1.4291,0.0,0.2858,0.0,0.0,1.4291,1.1433,0.0,0.0,0.0,0.2858,0.0,0.0,0.8575,0.2858,0.2858,0.0,0.0,0.0,0.0,0.0001,0.0,0.0,0.0,0.0,0.0001,0.0001,0.0,0.0,0.0,0.0,0.0,0.0,0.0001,0.0,0.0,0.0,0.0,0.0,0.2495,0.2192,0.2455,0.2495,0.2192,0.2455
1.1343,0.5671,0.8507,0.0,0.5671,0.0,0.2836,0.2836,0.0,0.0,0.0,0.8507,0.2836,0.8507,0.5671,0.8507,0.5671,0.2836,0.0,0.0,0.0,0.0,0.0,0.0,0.0,0.0,0.0,0.0,0.0,0.0,0.0,0.0,0.0,0.0,0.0,0.0,0.0,0.0,0.0,0.0,0.194,0.2437,0.2787,0.194,0.2437,0.2787
0.2166,0.4331,0.2166,0.8663,0.0,0.8663,0.2166,0.4331,0.0,0.2166,0.8663,0.2166,0.0,0.4331,1.0828,0.0,0.4331,0.0,0.6497,0.6497,0.0,0.0,0.0,0.0,0.0,0.0,0.0,0.0,0.0,0.0,0.0,0.0,0.0,0.0,0.0001,0.0,0.0,0.0,0.0,0.0,0.2488,0.2681,0.2665,0.2488,0.2681,0.2665
0.3928,0.3928,0.0,0.0,0.0,0.0,0.3928,0.3928,0.0,0.0,0.7856,0.3928,0.0,0.3928,0.3928,1.1785,0.0,0.0,1.5713,0.7856,0.0,0.0,0.0,0.0,0.0,0.0,0.0,0.0,0.0,0.0,0.0,0.0,0.0,0.0,0.0,0.0001,0.0,0.0,0.0001,0.0,0.247,0.1772,0.183,0.247,0.1772,0.183
0.3441,0.6882,0.6882,0.0,0.0,0.0,0.6882,0.0,0.0,0.0,0.3441,0.3441,0.3441,0.6882,0.0,1.3765,0.3441,0.0,0.0,0.3441,0.0,0.0,0.0,0.0,0.0,0.0,0.0,0.0,0.0,0.0,0.0,0.0,0.0,0.0,0.0,0.0001,0.0,0.0,0.0,0.0,0.2211,0.2458,0.189,0.2211,0.2458,0.189
0.0,1.0296,0.8237,0.0,0.4119,0.0,0.2059,1.0296,0.0,0.6178,0.2059,0.4119,0.2059,0.6178,0.0,1.2356,0.0,0.2059,0.0,0.0,0.0,0.0,0.0,0.0,0.0,0.0,0.0,0.0,0.0,0.0,0.0,0.0,0.0,0.0,0.0,0.0,0.0,0.0,0.0,0.0,0.2564,0.2964,0.2412,0.2564,0.2964,0.2412
1.5371,0.0,0.5124,0.5124,0.0,0.5124,0.5124,0.5124,0.0,0.5124,1.0247,0.0,0.0,0.0,0.5124,0.5124,0.0,0.0,0.5124,0.0,0.0001,0.0,0.0,0.0,0.0,0.0,0.0,0.0,0.0,0.0,0.0001,0.0,0.0,0.0,0.0,0.0,0.0,0.0,0.0,0.0,0.2171,0.1365,0.134,0.2171,0.1365,0.134
0.0,0.5701,0.0,0.5701,0.0,0.5701,0.0,0.0,0.0,0.0,0.0,0.0,0.5701,1.1403,0.5701,1.1403,1.1403,0.0,0.0,0.0,0.0,0.0,0.0,0.0,0.0,0.0,0.0,0.0,0.0,0.0,0.0,0.0,0.0,0.0001,0.0,0.0001,0.0001,0.0,0.0,0.0,0.2045,0.1613,0.064,0.2045,0.1613,0.064
0.4167,0.8335,0.0,0.4167,0.0,0.0,0.0,0.8335,0.0,0.0,0.8335,0.0,0.0,0.4167,0.4167,0.4167,0.0,0.0,0.0,0.4167,0.0,0.0001,0.0,0.0,0.0,0.0,0.0,0.0001,0.0,0.0,0.0001,0.0,0.0,0.0,0.0,0.0,0.0,0.0,0.0,0.0,0.266,0.1095,0.2077,0.266,0.1095,0.2077
0.3726,0.3726,0.3726,0.0,0.0,0.0,0.0,0.3726,0.3726,0.0,0.3726,0.3726,0.7452,0.3726,0.3726,1.4905,0.0,0.0,0.0,0.7452,0.0,0.0,0.0,0.0,0.0,0.0,0.0,0.0,0.0,0.0,0.0,0.0,0.0,0.0,0.0,0.0001,0.0,0.0,0.0,0.0,0.2086,0.1864,0.2323,0.2086,0.1864,0.2323
0.4422,0.4422,0.4422,0.8845,0.0,0.0,0.4422,0.8845,0.0,0.4422,0.0,0.0,0.0,0.8845,0.4422,0.4422,0.0,0.0,0.0,0.4422,0.0,0.0,0.0,0.0001,0.0,0.0,0.0,0.0001,0.0,0.0,0.0,0.0,0.0,0.0001,0.0,0.0,0.0,0.0,0.0,0.0,0.2188,0.233,0.106,0.2188,0.233,0.106
0.835,0.835,0.0,0.0,0.0,0.0,0.4175,0.0,0.0,0.0,0.835,0.4175,0.4175,0.4175,0.0,1.2525,0.4175,0.0,0.0,0.0,0.0001,0.0001,0.0,0.0,0.0,0.0,0.0,0.0,0.0,0.0,0.0001,0.0,0.0,0.0,0.0,0.0001,0.0,0.0,0.0,0.0,0.211,0.1958,0.1757,0.211,0.1958,0.1757
0.7141,0.0,0.7141,0.357,0.0,0.0,0.357,1.4282,0.0,0.7141,1.4282,0.357,0.357,0.0,0.0,0.7141,0.0,0.0,0.0,0.357,0.0,0.0,0.0,0.0,0.0,0.0,0.0,0.0001,0.0,0.0,0.0001,0.0,0.0,0.0,0.0,0.0,0.0,0.0,0.0,0.0,0.2588,0.2242,0.1599,0.2588,0.2242,0.1599
1.6857,0.5619,0.5619,0.0,0.0,0.5619,0.0,0.5619,0.0,0.5619,1.1238,0.0,0.0,0.0,0.5619,2.2476,0.0,0.0,0.5619,0.0,0.0001,0.0,0.0,0.0,0.0,0.0,0.0,0.0,0.0,0.0,0.0,0.0,0.0,0.0,0.0,0.0001,0.0,0.0,0.0,0.0,0.1859,0.1156,0.1366,0.1859,0.1156,0.1366
0.8692,0.4346,0.4346,0.4346,0.0,0.4346,0.0,1.3037,0.0,0.0,1.7383,0.0,0.4346,0.0,0.4346,1.7383,0.0,0.0,0.4346,0.4346,0.0,0.0,0.0,0.0,0.0,0.0,0.0,0.0001,0.0,0.0,0.0001,0.0,0.0,0.0,0.0,0.0001,0.0,0.0,0.0,0.0,0.2293,0.1956,0.1404,0.2293,0.1956,0.1404
0.5591,0.1864,0.1864,0.7455,0.0,0.1864,0.5591,0.7455,0.3727,0.0,0.3727,0.3727,0.0,0.0,0.0,0.1864,0.1864,0.0,0.7455,0.3727,0.0,0.0,0.0,0.0,0.0,0.0,0.0,0.0,0.0,0.0,0.0,0.0,0.0,0.0,0.0,0.0,0.0,0.0,0.0,0.0,0.2482,0.2785,0.2869,0.2482,0.2785,0.2869
1.1846,0.0,0.5923,0.5923,0.0,0.5923,0.0,0.5923,0.0,0.0,0.5923,0.0,0.5923,0.5923,0.5923,0.0,0.0,0.0,0.5923,0.0,0.0001,0.0,0.0,0.0,0.0,0.0,0.0,0.0,0.0,0.0,0.0,0.0,0.0,0.0,0.0,0.0,0.0,0.0,0.0,0.0,0.1632,0.1575,0.0869,0.1632,0.1575,0.0869
0.8226,0.2742,0.2742,0.2742,0.0,0.5484,0.5484,0.5484,0.5484,0.2742,0.0,0.2742,0.5484,0.0,0.0,0.5484,0.0,0.0,0.5484,0.0,0.0001,0.0,0.0,0.0,0.0,0.0,0.0,0.0,0.0,0.0,0.0,0.0,0.0,0.0,0.0,0.0,0.0,0.0,0.0,0.0,0.2321,0.2599,0.2338,0.2321,0.2599,0.2338
0.972,0.486,0.0,0.0,0.0,0.0,0.0,0.486,0.0,0.0,0.0,0.486,0.0,0.972,1.4581,0.486,0.486,0.0,0.0,0.486,0.0001,0.0,0.0,0.0,0.0,0.0,0.0,0.0,0.0,0.0,0.0,0.0,0.0,0.0001,0.0001,0.0,0.0,0.0,0.0,0.0,0.2285,0.1353,0.1502,0.2285,0.1353,0.1502
0.3825,0.8926,0.3825,0.8926,0.255,0.51,0.1275,0.3825,0.0,0.51,1.4026,0.255,0.1275,0.1275,0.1275,0.51,0.255,0.0,0.0,0.1275,0.0,0.0,0.0,0.0,0.0,0.0,0.0,0.0,0.0,0.0,0.0001,0.0,0.0,0.0,0.0,0.0,0.0,0.0,0.0,0.0,0.2997,0.2885,0.2843,0.2997,0.2885,0.2843
0.5819,0.5819,0.2909,0.2909,0.5819,0.0,0.0,1.7457,0.0,0.2909,0.8728,0.8728,0.2909,0.2909,0.0,0.5819,0.0,0.0,0.0,0.0,0.0,0.0,0.0,0.0,0.0,0.0,0.0,0.0001,0.0,0.0,0.0,0.0,0.0,0.0,0.0,0.0,0.0,0.0,0.0,0.0,0.2439,0.2396,0.2255,0.2439,0.2396,0.2255
1.1019,0.0,0.551,0.0,0.0,0.0,0.0,0.551,0.551,0.0,0.0,0.0,0.0,1.1019,0.551,0.551,0.0,0.551,0.551,0.0,0.0001,0.0,0.0,0.0,0.0,0.0,0.0,0.0,0.0,0.0,0.0,0.0,0.0,0.0001,0.0,0.0,0.0,0.0,0.0,0.0,0.198,0.1704,0.0806,0.198,0.1704,0.0806
0.0,1.1969,0.0,0.2992,0.5985,0.0,0.2992,0.2992,0.0,0.0,0.0,0.0,0.5985,0.0,0.2992,0.0,0.2992,0.2992,0.2992,0.8977,0.0,0.0001,0.0,0.0,0.0,0.0,0.0,0.0,0.0,0.0,0.0,0.0,0.0,0.0,0.0,0.0,0.0,0.0,0.0,0.0,0.2643,0.2753,0.1612,0.2643,0.2753,0.1612
0.4443,0.8887,0.0,1.333,0.0,0.0,0.0,0.0,0.0,0.0,0.4443,0.4443,0.0,0.0,0.4443,0.8887,0.0,0.0,0.0,0.0,0.0,0.0001,0.0,0.0001,0.0,0.0,0.0,0.0,0.0,0.0,0.0,0.0,0.0,0.0,0.0,0.0001,0.0,0.0,0.0,0.0,0.1522,0.23,0.1734,0.1522,0.23,0.1734
0.0,0.0,0.894,0.447,0.894,0.0,0.0,0.0,0.0,0.0,0.0,0.447,0.0,0.894,0.0,0.447,0.0,0.447,0.447,0.447,0.0,0.0,0.0,0.0,0.0,0.0,0.0,0.0,0.0,0.0,0.0,0.0,0.0,0.0,0.0,0.0,0.0,0.0,0.0,0.0,0.1832,0.1961,0.1737,0.1832,0.1961,0.1737
0.4825,0.0,0.0,0.4825,0.0,0.0,0.0,1.4474,0.4825,0.0,0.4825,0.0,0.0,0.9649,0.0,0.0,0.4825,0.0,0.4825,0.0,0.0,0.0,0.0,0.0,0.0,0.0,0.0,0.0001,0.0,0.0,0.0,0.0,0.0,0.0001,0.0,0.0,0.0,0.0,0.0,0.0,0.1818,0.1946,0.1412,0.1818,0.1946,0.1412
0.1654,0.6615,0.6615,0.1654,0.4961,0.0,0.3308,0.8269,0.4961,0.3308,0.8269,0.1654,0.3308,0.3308,0.3308,0.6615,0.0,0.0,0.3308,0.3308,0.0,0.0,0.0,0.0,0.0,0.0,0.0,0.0,0.0,0.0,0.0,0.0,0.0,0.0,0.0,0.0,0.0,0.0,0.0,0.0,0.258,0.275,0.3016,0.258,0.275,0.3016
0.0,0.4552,0.0,0.0,0.0,0.0,1.8207,0.4552,0.0,0.0,1.3655,0.0,0.0,0.0,0.4552,0.0,0.0,0.0,0.0,0.4552,0.0,0.0,0.0,0.0,0.0,0.0,0.0001,0.0,0.0,0.0,0.0001,0.0,0.0,0.0,0.0,0.0,0.0,0.0,0.0,0.0,0.259,0.1328,0.153,0.259,0.1328,0.153
0.0,0.5025,0.0,0.0,0.0,0.0,0.0,0.5025,0.5025,1.0051,0.0,0.5025,0.5025,0.0,1.5076,0.0,0.0,0.0,0.0,0.5025,0.0,0.0001,0.0,0.0,0.0,0.0,0.0,0.0001,0.0001,0.0001,0.0,0.0001,0.0001,0.0,0.0002,0.0,0.0,0.0,0.0,0.0001,0.1672,0.1601,0.1701,0.1672,0.1601,0.1701
0.2843,0.2843,0.2843,0.5686,0.5686,0.5686,0.0,1.9902,0.0,0.5686,0.2843,0.8529,0.2843,0.2843,0.2843,1.4215,0.0,0.0,0.0,0.5686,0.0,0.0,0.0,0.0,0.0,0.0,0.0,0.0001,0.0,0.0,0.0,0.0,0.0,0.0,0.0,0.0,0.0,0.0,0.0,0.0,0.249,0.2551,0.2116,0.249,0.2551,0.2116
0.725,0.4833,0.0,0.0,0.0,0.0,0.0,0.725,0.725,0.0,0.4833,0.2417,0.0,0.4833,0.725,1.2083,0.2417,0.2417,0.4833,0.2417,0.0,0.0,0.0,0.0,0.0,0.0,0.0,0.0,0.0,0.0,0.0,0.0,0.0,0.0,0.0,0.0001,0.0,0.0,0.0,0.0,0.2103,0.281,0.267,0.2103,0.281,0.267
0.2913,0.2913,0.5825,0.5825,0.0,0.2913,0.2913,0.2913,0.0,0.0,0.8738,0.5825,0.0,0.8738,0.5825,0.2913,0.0,0.2913,0.2913,0.0,0.0,0.0,0.0,0.0,0.0,0.0,0.0,0.0,0.0,0.0,0.0,0.0,0.0,0.0,0.0,0.0,0.0,0.0,0.0,0.0,0.2575,0.244,0.2072,0.2575,0.244,0.2072
0.2049,0.6148,0.2049,0.6148,0.0,0.6148,0.0,0.6148,0.2049,0.2049,0.4099,0.4099,0.2049,0.4099,0.0,0.8197,1.0246,0.2049,0.4099,0.2049,0.0,0.0,0.0,0.0,0.0,0.0,0.0,0.0,0.0,0.0,0.0,0.0,0.0,0.0,0.0,0.0,0.0,0.0,0.0,0.0,0.261,0.3092,0.2249,0.261,0.3092,0.2249
0.7045,0.3522,0.0,0.3522,0.0,0.0,0.7045,0.0,0.0,0.0,0.7045,0.7045,0.3522,0.0,0.0,0.3522,0.3522,0.3522,0.0,0.0,0.0,0.0,0.0,0.0,0.0,0.0,0.0,0.0,0.0,0.0,0.0,0.0,0.0,0.0,0.0,0.0,0.0,0.0,0.0,0.0,0.231,0.2627,0.154,0.231,0.2627,0.154
0.0,0.3749,0.3749,0.0,0.0,0.0,0.3749,0.3749,0.0,0.7498,0.3749,0.7498,0.3749,0.3749,0.3749,0.7498,0.3749,0.0,0.0,0.0,0.0,0.0,0.0,0.0,0.0,0.0,0.0,0.0,0.0,0.0001,0.0,0.0001,0.0,0.0,0.0,0.0001,0.0,0.0,0.0,0.0,0.2836,0.1981,0.1434,0.2836,0.1981,0.1434
0.0,1.1355,0.757,0.0,0.0,0.3785,0.0,0.3785,0.3785,0.757,0.3785,0.0,0.0,0.0,2.271,0.0,0.0,0.0,0.3785,0.0,0.0,0.0001,0.0001,0.0,0.0,0.0,0.0,0.0,0.0,0.0001,0.0,0.0,0.0,0.0,0.0002,0.0,0.0,0.0,0.0,0.0,0.2478,0.1853,0.1884,0.2478,0.1853,0.1884
0.4068,0.1017,0.3051,0.3051,0.6102,0.4068,0.5085,0.4068,0.1017,0.4068,0.7119,0.9152,0.4068,0.5085,0.7119,1.2203,0.5085,0.0,0.3051,0.5085,0.0,0.0,0.0,0.0,0.0,0.0,0.0,0.0,0.0,0.0,0.0,0.0,0.0,0.0,0.0,0.0,0.0,0.0,0.0,0.0,0.3093,0.3023,0.2867,0.3093,0.3023,0.2867
0.4767,0.4767,0.0,0.4767,0.0,0.0,0.4767,0.0,0.0,0.4767,0.0,0.0,0.0,0.4767,1.4302,0.9534,0.0,0.0,0.0,0.0,0.0,0.0,0.0,0.0,0.0,0.0,0.0,0.0,0.0,0.0,0.0,0.0,0.0,0.0,0.0001,0.0001,0.0,0.0,0.0,0.0,0.1531,0.2138,0.1564,0.1531,0.2138,0.1564
0.9756,0.6504,0.0,0.6504,0.0,0.3252,0.3252,0.0,0.0,0.3252,0.3252,0.3252,0.3252,0.0,0.6504,0.3252,0.3252,0.0,0.0,0.6504,0.0001,0.0,0.0,0.0,0.0,0.0,0.0,0.0,0.0,0.0,0.0,0.0,0.0,0.0,0.0,0.0,0.0,0.0,0.0,0.0,0.2536,0.2671,0.1541,0.2536,0.2671,0.1541
0.4647,0.4647,0.6971,0.4647,0.0,0.2324,0.0,0.0,0.2324,0.2324,0.6971,0.6971,0.2324,0.2324,0.0,0.4647,0.4647,0.0,0.4647,0.4647,0.0,0.0,0.0,0.0,0.0,0.0,0.0,0.0,0.0,0.0,0.0,0.0,0.0,0.0,0.0,0.0,0.0,0.0,0.0,0.0,0.2365,0.2719,0.2593,0.2365,0.2719,0.2593
0.0,0.0,0.9356,0.0,0.0,0.0,0.0,0.0,0.9356,1.4035,0.9356,0.0,0.9356,0.0,0.4678,0.9356,0.0,0.4678,0.4678,0.9356,0.0,0.0,0.0,0.0,0.0,0.0,0.0,0.0,0.0,0.0001,0.0,0.0,0.0,0.0,0.0,0.0,0.0,0.0,0.0,0.0,0.1936,0.1992,0.1395,0.1936,0.1992,0.1395
0.4237,0.6356,0.2119,0.2119,0.4237,0.2119,0.4237,0.6356,0.0,0.4237,0.6356,0.2119,0.0,0.2119,0.0,0.6356,0.4237,0.4237,0.0,0.6356,0.0,0.0,0.0,0.0,0.0,0.0,0.0,0.0,0.0,0.0,0.0,0.0,0.0,0.0,0.0,0.0,0.0,0.0,0.0,0.0,0.2646,0.2865,0.237,0.2646,0.2865,0.237
0.3556,0.3556,0.0,1.4225,0.0,0.0,1.0669,0.0,0.0,0.0,0.7113,0.0,0.0,0.7113,0.3556,0.0,0.0,0.0,0.0,0.0,0.0,0.0,0.0,0.0001,0.0,0.0,0.0001,0.0,0.0,0.0,0.0,0.0,0.0,0.0,0.0,0.0,0.0,0.0,0.0,0.0,0.1963,0.2479,0.2001,0.1963,0.2479,0.2001
1.4344,0.0,0.0,0.4781,0.0,0.4781,0.0,0.0,0.4781,0.9562,1.4344,0.0,0.0,0.0,0.4781,0.4781,0.0,0.0,0.4781,0.0,0.0001,0.0,0.0,0.0,0.0,0.0,0.0,0.0,0.0,0.0001,0.0001,0.0,0.0,0.0,0.0,0.0,0.0,0.0,0.0,0.0,0.1795,0.1667,0.1757,0.1795,0.1667,0.1757
0.6873,0.4582,0.2291,0.6873,1.1456,0.2291,0.2291,0.9164,0.2291,0.0,0.0,0.2291,0.0,0.2291,0.2291,0.9164,0.0,0.2291,0.2291,0.0,0.0,0.0,0.0,0.0,0.0,0.0,0.0,0.0,0.0,0.0,0.0,0.0,0.0,0.0,0.0,0.0,0.0,0.0,0.0,0.0,0.2986,0.249,0.2233,0.2986,0.249,0.2233
0.5158,0.7736,0.2579,0.9026,0.0,0.9026,0.3868,0.3868,0.3868,0.1289,0.5158,0.0,0.3868,0.2579,0.2579,0.3868,0.1289,0.3868,0.3868,0.1289,0.0,0.0,0.0,0.0,0.0,0.0,0.0,0.0,0.0,0.0,0.0,0.0,0.0,0.0,0.0,0.0,0.0,0.0,0.0,0.0,0.3173,0.2703,0.2835,0.3173,0.2703,0.2835
0.4369,0.4369,0.0,0.8737,0.0,0.0,0.0,1.3106,0.0,0.0,0.4369,0.0,0.4369,0.8737,0.4369,0.0,0.0,0.0,0.0,0.4369,0.0,0.0,0.0,0.0001,0.0,0.0,0.0,0.0001,0.0,0.0,0.0,0.0,0.0,0.0001,0.0,0.0,0.0,0.0,0.0,0.0,0.237,0.1806,0.1455,0.237,0.1806,0.1455
1.2968,0.2594,0.5187,0.0,0.0,0.7781,1.5561,0.5187,0.0,0.0,0.7781,0.0,0.0,0.0,1.8155,0.5187,0.0,0.2594,0.0,1.2968,0.0001,0.0,0.0,0.0,0.0,0.0,0.0001,0.0,0.0,0.0,0.0,0.0,0.0,0.0,0.0001,0.0,0.0,0.0,0.0,0.0001,0.2311,0.2807,0.2289,0.2311,0.2807,0.2289
0.474,0.0,0.0,0.0,0.9481,0.0,0.474,0.474,0.0,0.0,0.0,0.474,0.0,0.474,0.0,0.0,0.9481,0.474,0.474,0.474,0.0,0.0,0.0,0.0,0.0,0.0,0.0,0.0,0.0,0.0,0.0,0.0,0.0,0.0,0.0,0.0,0.0,0.0,0.0,0.0,0.1689,0.1751,0.1819,0.1689,0.1751,0.1819
1.8032,0.0,0.0,0.0,0.0,0.6011,0.0,0.6011,0.0,0.0,0.6011,0.0,0.6011,1.2022,4.2076,0.0,0.0,0.0,1.2022,1.2022,0.0001,0.0,0.0,0.0,0.0,0.0,0.0,0.0,0.0,0.0,0.0,0.0,0.0,0.0001,0.0002,0.0,0.0,0.0,0.0001,0.0001,0.1171,0.1343,0.1475,0.1171,0.1343,0.1475
1.7136,0.4896,0.4896,0.4896,0.0,0.4896,0.4896,0.9792,0.0,0.0,1.7136,0.0,0.0,0.0,1.224,0.4896,0.2448,0.0,0.2448,0.4896,0.0001,0.0,0.0,0.0,0.0,0.0,0.0,0.0001,0.0,0.0,0.0001,0.0,0.0,0.0,0.0001,0.0,0.0,0.0,0.0,0.0,0.2344,0.2887,0.2321,0.2344,0.2887,0.2321
0.5918,0.789,0.1973,0.1973,0.0,0.0,0.1973,0.5918,0.3945,0.1973,0.5918,0.1973,0.1973,0.1973,0.5918,0.5918,0.1973,0.3945,0.0,0.1973,0.0,0.0,0.0,0.0,0.0,0.0,0.0,0.0,0.0,0.0,0.0,0.0,0.0,0.0,0.0,0.0,0.0,0.0,0.0,0.0,0.3291,0.1904,0.2833,0.3291,0.1904,0.2833
0.2554,0.5108,0.5108,0.7663,0.0,1.0217,0.0,0.2554,0.2554,0.0,0.2554,0.2554,0.2554,0.5108,0.0,0.7663,0.7663,0.2554,0.5108,0.2554,0.0,0.0,0.0,0.0,0.0,0.0001,0.0,0.0,0.0,0.0,0.0,0.0,0.0,0.0,0.0,0.0,0.0,0.0,0.0,0.0,0.2664,0.2977,0.1805,0.2664,0.2977,0.1805
0.3129,0.3129,0.3129,0.6259,0.9388,0.4694,0.1565,0.6259,0.4694,0.3129,0.7823,0.1565,0.1565,0.4694,0.6259,0.3129,0.0,0.0,0.4694,0.4694,0.0,0.0,0.0,0.0,0.0,0.0,0.0,0.0,0.0,0.0,0.0,0.0,0.0,0.0,0.0,0.0,0.0,0.0,0.0,0.0,0.258,0.3188,0.2667,0.258,0.3188,0.2667
1.8228,0.4557,0.2279,0.4557,0.0,0.2279,2.7343,0.9114,0.0,0.0,0.4557,0.0,0.0,0.0,0.0,0.0,0.0,0.0,0.0,0.2279,0.0001,0.0,0.0,0.0,0.0,0.0,0.0002,0.0001,0.0,0.0,0.0,0.0,0.0,0.0,0.0,0.0,0.0,0.0,0.0,0.0,0.2729,0.2386,0.2607,0.2729,0.2386,0.2607
0.4497,0.2249,0.2249,0.8995,0.0,0.2249,0.2249,0.4497,0.4497,0.0,1.1244,0.0,0.0,0.4497,0.4497,1.3492,0.2249,0.2249,0.2249,0.2249,0.0,0.0,0.0,0.0,0.0,0.0,0.0,0.0,0.0,0.0,0.0,0.0,0.0,0.0,0.0,0.0001,0.0,0.0,0.0,0.0,0.3128,0.2802,0.1821,0.3128,0.2802,0.1821
0.3873,0.3873,0.0,0.0,0.0,0.0,0.0,1.162,0.3873,0.0,0.3873,0.3873,0.0,0.7747,0.7747,0.0,0.0,0.3873,0.0,0.0,0.0,0.0,0.0,0.0,0.0,0.0,0.0,0.0001,0.0,0.0,0.0,0.0,0.0,0.0,0.0,0.0,0.0,0.0,0.0,0.0,0.1757,0.2295,0.2075,0.1757,0.2295,0.2075
0.483,0.483,0.0,0.0,0.0,0.966,0.0,0.483,0.483,0.0,0.0,0.0,0.966,0.483,0.483,0.483,0.483,0.0,0.483,0.483,0.0,0.0,0.0,0.0,0.0,0.0001,0.0,0.0,0.0,0.0,0.0,0.0,0.0001,0.0,0.0,0.0,0.0,0.0,0.0,0.0,0.2,0.1726,0.1444,0.2,0.1726,0.1444
0.2391,0.4782,0.4782,0.4782,0.0,0.7172,1.1954,0.0,0.0,0.0,0.7172,0.4782,0.0,0.2391,0.4782,1.1954,0.2391,0.0,0.0,0.2391,0.0,0.0,0.0,0.0,0.0,0.0,0.0001,0.0,0.0,0.0,0.0,0.0,0.0,0.0,0.0,0.0001,0.0,0.0,0.0,0.0,0.3076,0.2498,0.2035,0.3076,0.2498,0.2035
0.0,0.396,0.0,0.0,0.792,0.0,0.0,1.584,0.792,0.0,0.0,0.396,0.0,0.792,0.0,1.188,0.0,0.0,0.0,0.0,0.0,0.0,0.0,0.0,0.0,0.0,0.0,0.0001,0.0,0.0,0.0,0.0,0.0,0.0,0.0,0.0,0.0,0.0,0.0,0.0,0.2069,0.2139,0.1832,0.2069,0.2139,0.1832
0.8782,0.5855,0.2927,0.0,1.171,0.2927,0.0,0.2927,0.2927,0.0,0.8782,0.5855,0.0,0.2927,0.0,0.5855,0.2927,0.0,0.2927,0.2927,0.0,0.0,0.0,0.0,0.0,0.0,0.0,0.0,0.0,0.0,0.0,0.0,0.0,0.0,0.0,0.0,0.0,0.0,0.0,0.0,0.2288,0.2834,0.1951,0.2288,0.2834,0.1951
0.2528,1.0113,0.2528,0.0,0.0,0.0,0.5056,0.0,0.0,0.5056,0.0,0.7585,0.2528,0.2528,0.5056,0.2528,0.5056,0.0,0.5056,0.5056,0.0,0.0001,0.0,0.0,0.0,0.0,0.0,0.0,0.0,0.0,0.0,0.0001,0.0,0.0,0.0,0.0,0.0,0.0,0.0,0.0,0.1772,0.2552,0.3148,0.1772,0.2552,0.3148
0.0,0.5204,0.0,0.0,0.0,0.0,0.0,0.0,0.0,0.0,0.0,0.5204,0.0,1.0409,1.0409,0.5204,1.5613,0.0,0.0,0.5204,0.0,0.0001,0.0,0.0,0.0,0.0,0.0,0.0,0.0,0.0,0.0,0.0001,0.0,0.0001,0.0001,0.0001,0.0002,0.0,0.0,0.0001,0.2044,0.1013,0.1739,0.2044,0.1013,0.1739
0.8234,0.4117,0.0,0.4117,0.0,0.0,0.0,0.4117,0.4117,0.0,0.0,0.0,0.0,0.4117,0.0,0.8234,0.0,0.8234,0.0,0.0,0.0001,0.0,0.0,0.0,0.0,0.0,0.0,0.0,0.0,0.0,0.0,0.0,0.0,0.0,0.0,0.0001,0.0,0.0001,0.0,0.0,0.2367,0.2149,0.1367,0.2367,0.2149,0.1367
1.5033,0.7516,0.3758,0.0,0.7516,0.0,0.0,0.3758,0.0,0.0,0.0,0.3758,0.0,0.3758,0.3758,0.3758,0.0,0.3758,0.3758,0.7516,0.0001,0.0,0.0,0.0,0.0,0.0,0.0,0.0,0.0,0.0,0.0,0.0,0.0,0.0,0.0,0.0,0.0,0.0,0.0,0.0,0.2221,0.2039,0.1982,0.2221,0.2039,0.1982
0.449,0.0,0.449,0.8979,0.0,0.449,0.0,0.8979,0.0,0.0,0.449,0.0,0.0,0.449,0.449,0.0,0.0,0.8979,0.0,0.0,0.0,0.0,0.0,0.0,0.0,0.0,0.0,0.0,0.0,0.0,0.0,0.0,0.0,0.0,0.0,0.0,0.0,0.0,0.0,0.0,0.2608,0.1491,0.1411,0.2608,0.1491,0.1411
1.1415,0.5707,1.1415,0.0,0.0,0.5707,0.0,0.5707,0.0,0.0,0.0,0.0,0.0,1.1415,0.0,0.0,0.0,0.0,0.5707,0.5707,0.0001,0.0,0.0001,0.0,0.0,0.0,0.0,0.0,0.0,0.0,0.0,0.0,0.0,0.0001,0.0,0.0,0.0,0.0,0.0,0.0,0.1673,0.1615,0.1005,0.1673,0.1615,0.1005
0.5465,0.9108,0.3643,0.7286,0.0,0.1822,0.3643,0.0,0.1822,0.3643,0.7286,0.1822,0.5465,0.3643,0.1822,0.9108,0.1822,0.0,0.1822,0.1822,0.0,0.0,0.0,0.0,0.0,0.0,0.0,0.0,0.0,0.0,0.0,0.0,0.0,0.0,0.0,0.0,0.0,0.0,0.0,0.0,0.3076,0.2445,0.2657,0.3076,0.2445,0.2657
0.5255,0.5255,1.0509,0.0,0.0,0.5255,0.0,0.0,0.0,0.0,0.5255,0.5255,0.0,0.5255,0.5255,0.0,1.0509,0.0,0.5255,0.0,0.0,0.0,0.0001,0.0,0.0,0.0,0.0,0.0,0.0,0.0,0.0,0.0,0.0,0.0,0.0,0.0,0.0001,0.0,0.0,0.0,0.1997,0.1427,0.1321,0.1997,0.1427,0.1321
0.4816,0.4816,0.0,0.9632,0.0,0.0,0.0,0.0,0.0,0.4816,0.0,0.0,0.0,0.9632,0.4816,1.4448,0.0,0.0,0.0,0.0,0.0,0.0,0.0,0.0001,0.0,0.0,0.0,0.0,0.0,0.0,0.0,0.0,0.0,0.0001,0.0,0.0001,0.0,0.0,0.0,0.0,0.1833,0.2034,0.1317,0.1833,0.2034,0.1317
0.3441,0.0,0.0,1.0324,0.0,0.0,0.6883,0.3441,0.6883,0.0,0.6883,0.0,0.0,0.0,0.6883,0.3441,0.3441,0.0,0.0,0.6883,0.0,0.0,0.0,0.0001,0.0,0.0,0.0,0.0,0.0,0.0,0.0,0.0,0.0,0.0,0.0,0.0,0.0,0.0,0.0,0.0,0.217,0.273,0.1658,0.217,0.273,0.1658
0.2982,0.7951,0.6957,0.497,0.5964,0.0994,0.497,0.497,0.0,0.6957,0.497,0.3976,0.1988,0.497,0.0994,0.1988,0.1988,0.1988,0.1988,0.497,0.0,0.0,0.0,0.0,0.0,0.0,0.0,0.0,0.0,0.0,0.0,0.0,0.0,0.0,0.0,0.0,0.0,0.0,0.0,0.0,0.2893,0.3385,0.2728,0.2893,0.3385,0.2728
0.0,0.0,1.0656,0.0,0.0,1.0656,0.5328,0.5328,0.0,0.0,1.5983,0.5328,0.5328,0.0,2.1311,0.0,0.0,0.0,0.0,0.0,0.0,0.0,0.0001,0.0,0.0,0.0001,0.0,0.0,0.0,0.0,0.0001,0.0,0.0,0.0,0.0001,0.0,0.0,0.0,0.0,0.0,0.1808,0.1551,0.1313,0.1808,0.1551,0.1313
0.8108,0.0,0.4054,0.0,0.0,0.0,0.0,1.6217,0.0,0.4054,1.6217,0.8108,0.0,0.4054,0.0,0.4054,0.0,0.0,0.0,0.4054,0.0,0.0,0.0,0.0,0.0,0.0,0.0,0.0001,0.0,0.0,0.0001,0.0,0.0,0.0,0.0,0.0,0.0,0.0,0.0,0.0,0.2287,0.2044,0.1615,0.2287,0.2044,0.1615
0.4478,0.4478,0.8957,0.4478,0.0,0.8957,0.0,0.4478,0.0,0.4478,0.8957,0.0,0.0,0.4478,0.4478,0.0,0.4478,0.0,0.0,0.0,0.0,0.0,0.0001,0.0,0.0,0.0001,0.0,0.0,0.0,0.0,0.0001,0.0,0.0,0.0,0.0,0.0,0.0,0.0,0.0,0.0,0.1652,0.1952,0.1917,0.1652,0.1952,0.1917
0.3873,1.162,0.3873,0.0,0.0,0.0,0.0,0.3873,0.0,0.0,0.7747,0.3873,0.0,0.3873,0.3873,0.7747,0.0,0.0,0.0,0.0,0.0,0.0001,0.0,0.0,0.0,0.0,0.0,0.0,0.0,0.0,0.0001,0.0,0.0,0.0,0.0,0.0001,0.0,0.0,0.0,0.0,0.2687,0.1772,0.1667,0.2687,0.1772,0.1667
1.5377,0.5126,0.0,0.5126,0.0,0.0,0.0,1.0252,0.0,0.5126,0.5126,0.0,0.0,0.5126,0.5126,0.0,0.0,0.0,0.0,0.0,0.0001,0.0,0.0,0.0,0.0,0.0,0.0,0.0001,0.0,0.0,0.0,0.0,0.0,0.0,0.0,0.0,0.0,0.0,0.0,0.0,0.1903,0.1799,0.1172,0.1903,0.1799,0.1172
0.0,0.0,0.0,0.0,0.0,0.4502,0.0,0.4502,0.9005,0.4502,0.0,0.4502,0.0,0.0,2.2512,0.0,0.0,0.4502,0.0,0.0,0.0,0.0,0.0,0.0,0.0,0.0,0.0,0.0,0.0001,0.0,0.0,0.0,0.0,0.0,0.0002,0.0,0.0,0.0,0.0,0.0,0.1649,0.1853,0.1996,0.1649,0.1853,0.1996
0.4763,0.9527,1.429,0.0,0.9527,0.0,0.0,0.4763,0.0,0.0,0.0,0.4763,0.0,0.4763,0.4763,0.0,0.4763,0.0,0.0,0.0,0.0,0.0,0.0001,0.0,0.0,0.0,0.0,0.0,0.0,0.0,0.0,0.0,0.0,0.0,0.0,0.0,0.0,0.0,0.0,0.0,0.1696,0.1878,0.1663,0.1696,0.1878,0.1663
0.8939,0.447,0.0,0.447,0.0,0.0,0.0,0.447,0.8939,0.447,0.447,0.0,0.0,0.0,0.447,0.8939,0.0,0.0,0.0,0.447,0.0001,0.0,0.0,0.0,0.0,0.0,0.0,0.0,0.0001,0.0,0.0,0.0,0.0,0.0,0.0,0.0001,0.0,0.0,0.0,0.0,0.1436,0.1808,0.2287,0.1436,0.1808,0.2287
0.3679,0.0,0.0,0.0,0.0,0.7357,1.4715,0.3679,0.0,0.3679,0.3679,0.7357,0.0,0.0,0.7357,0.7357,0.3679,0.0,0.0,0.0,0.0,0.0,0.0,0.0,0.0,0.0001,0.0001,0.0,0.0,0.0,0.0,0.0001,0.0,0.0,0.0001,0.0001,0.0,0.0,0.0,0.0,0.2155,0.2366,0.1801,0.2155,0.2366,0.1801
0.4929,0.4929,0.0,0.4929,0.0,0.0,0.0,1.4787,0.0,0.4929,0.0,0.4929,0.0,0.9858,0.0,0.0,0.0,0.0,0.0,0.4929,0.0,0.0,0.0,0.0,0.0,0.0,0.0,0.0001,0.0,0.0,0.0,0.0,0.0,0.0001,0.0,0.0,0.0,0.0,0.0,0.0,0.2079,0.1766,0.1226,0.2079,0.1766,0.1226
0.0,0.1926,0.7705,0.7705,0.3852,0.0,0.0,1.5409,0.3852,0.3852,0.1926,1.1557,0.0,0.1926,0.7705,0.3852,0.0,0.0,0.0,0.1926,0.0,0.0,0.0,0.0,0.0,0.0,0.0,0.0001,0.0,0.0,0.0,0.0,0.0,0.0,0.0,0.0,0.0,0.0,0.0,0.0,0.2926,0.2818,0.233,0.2926,0.2818,0.233
0.0,0.0,0.0,0.5222,0.0,0.5222,0.5222,0.5222,0.5222,0.0,0.5222,0.0,0.5222,0.5222,1.0444,0.0,0.0,0.0,0.0,0.5222,0.0,0.0,0.0,0.0,0.0,0.0,0.0,0.0,0.0,0.0,0.0,0.0,0.0,0.0,0.0001,0.0,0.0,0.0,0.0,0.0,0.1608,0.1959,0.1211,0.1608,0.1959,0.1211
0.0,0.0,1.089,0.0,1.452,0.726,0.726,0.363,0.363,0.363,0.726,0.0,0.0,0.0,0.0,0.363,0.363,0.0,0.726,0.363,0.0,0.0,0.0,0.0,0.0,0.0,0.0,0.0,0.0,0.0,0.0,0.0,0.0,0.0,0.0,0.0,0.0,0.0,0.0,0.0,0.2228,0.2335,0.1808,0.2228,0.2335,0.1808
0.0,0.3728,0.3728,0.0,0.0,0.0,0.7455,1.8639,0.0,0.0,0.3728,0.0,0.3728,0.3728,0.3728,0.7455,0.3728,0.3728,0.0,0.0,0.0,0.0,0.0,0.0,0.0,0.0,0.0,0.0001,0.0,0.0,0.0,0.0,0.0,0.0,0.0,0.0,0.0,0.0,0.0,0.0,0.2162,0.2077,0.2033,0.2162,0.2077,0.2033
0.5351,0.4013,0.5351,0.5351,0.5351,0.5351,0.5351,0.2675,0.0,0.1338,0.5351,0.4013,0.1338,0.5351,0.9364,0.8026,0.5351,0.1338,0.4013,0.8026,0.0,0.0,0.0,0.0,0.0,0.0,0.0,0.0,0.0,0.0,0.0,0.0,0.0,0.0,0.0,0.0,0.0,0.0,0.0,0.0,0.2915,0.3158,0.259,0.2915,0.3158,0.259
0.6835,0.0,0.3418,0.3418,0.0,0.3418,0.3418,1.367,0.3418,0.0,0.6835,0.0,1.0253,0.6835,1.0253,1.7088,0.0,0.0,0.3418,0.0,0.0,0.0,0.0,0.0,0.0,0.0,0.0,0.0001,0.0,0.0,0.0,0.0,0.0,0.0,0.0,0.0001,0.0,0.0,0.0,0.0,0.2214,0.2163,0.2205,0.2214,0.2163,0.2205
0.2924,0.2924,0.2924,0.5848,0.0,0.2924,0.2924,0.0,0.2924,0.0,0.8772,0.5848,0.2924,0.2924,0.5848,0.2924,0.8772,0.0,0.0,0.5848,0.0,0.0,0.0,0.0,0.0,0.0,0.0,0.0,0.0,0.0,0.0,0.0,0.0,0.0,0.0,0.0,0.0,0.0,0.0,0.0,0.2515,0.2733,0.1829,0.2515,0.2733,0.1829
0.0,0.564,0.0,0.0,0.0,0.0,0.0,1.1281,0.0,0.0,0.0,0.0,0.564,1.1281,1.1281,0.0,0.0,0.564,0.564,1.1281,0.0,0.0,0.0,0.0,0.0,0.0,0.0,0.0001,0.0,0.0,0.0,0.0,0.0,0.0001,0.0001,0.0,0.0,0.0,0.0,0.0001,0.1912,0.1442,0.1005,0.1912,0.1442,0.1005
1.1006,0.0,0.0,0.0,0.0,0.5503,0.0,1.6509,0.2752,0.2752,1.6509,0.8255,0.0,0.2752,0.2752,0.2752,0.2752,0.0,0.0,0.0,0.0001,0.0,0.0,0.0,0.0,0.0,0.0,0.0001,0.0,0.0,0.0001,0.0,0.0,0.0,0.0,0.0,0.0,0.0,0.0,0.0,0.235,0.2593,0.2306,0.235,0.2593,0.2306
0.3831,0.0,0.7661,0.7661,0.0,0.3831,0.7661,0.3831,0.0,0.0,0.3831,0.0,0.0,0.3831,1.1492,0.7661,0.7661,0.0,0.0,1.1492,0.0,0.0,0.0,0.0,0.0,0.0,0.0,0.0,0.0,0.0,0.0,0.0,0.0,0.0,0.0001,0.0,0.0,0.0,0.0,0.0001,0.2097,0.2282,0.179,0.2097,0.2282,0.179
0.5429,0.5429,0.5429,0.2715,0.5429,0.2715,0.0,0.8144,0.2715,0.0,1.0858,0.2715,0.2715,0.2715,0.5429,1.0858,0.8144,0.0,0.2715,0.2715,0.0,0.0,0.0,0.0,0.0,0.0,0.0,0.0,0.0,0.0,0.0,0.0,0.0,0.0,0.0,0.0,0.0,0.0,0.0,0.0,0.2634,0.2423,0.2228,0.2634,0.2423,0.2228
0.7914,0.3166,0.1583,0.3166,0.0,0.3166,0.7914,0.3166,0.1583,0.4748,0.6331,0.7914,0.4748,0.0,0.1583,0.4748,0.3166,0.0,0.3166,0.3166,0.0,0.0,0.0,0.0,0.0,0.0,0.0,0.0,0.0,0.0,0.0,0.0,0.0,0.0,0.0,0.0,0.0,0.0,0.0,0.0,0.2774,0.3015,0.2629,0.2774,0.3015,0.2629
0.7372,0.4914,0.2457,0.2457,0.0,0.7372,1.4743,0.2457,0.0,0.0,0.7372,0.0,0.2457,0.0,1.72,0.7372,0.2457,0.2457,0.0,0.9829,0.0,0.0,0.0,0.0,0.0,0.0,0.0001,0.0,0.0,0.0,0.0,0.0,0.0,0.0,0.0001,0.0,0.0,0.0,0.0,0.0,0.2374,0.2744,0.2425,0.2374,0.2744,0.2425
0.0,0.4983,0.0,0.0,0.0,0.0,0.0,0.4983,0.4983,0.4983,0.4983,0.4983,0.0,0.4983,0.9966,0.4983,0.0,0.0,0.4983,0.4983,0.0,0.0,0.0,0.0,0.0,0.0,0.0,0.0,0.0,0.0,0.0,0.0,0.0,0.0,0.0001,0.0,0.0,0.0,0.0,0.0,0.1943,0.1967,0.1107,0.1943,0.1967,0.1107
0.2199,0.4398,0.0,0.0,0.0,1.0995,1.7591,0.4398,0.0,0.0,0.4398,0.2199,0.6597,0.2199,0.6597,0.2199,0.0,0.0,0.0,0.2199,0.0,0.0,0.0,0.0,0.0,0.0001,0.0001,0.0,0.0,0.0,0.0,0.0,0.0,0.0,0.0,0.0,0.0,0.0,0.0,0.0,0.3034,0.2168,0.26,0.3034,0.2168,0.26
0.7022,0.7022,0.7022,0.0,0.0,0.3511,0.0,0.3511,0.3511,0.0,0.3511,0.0,0.3511,0.3511,0.0,0.3511,0.7022,0.3511,0.3511,0.0,0.0,0.0,0.0,0.0,0.0,0.0,0.0,0.0,0.0,0.0,0.0,0.0,0.0,0.0,0.0,0.0,0.0,0.0,0.0,0.0,0.1814,0.2487,0.2188,0.1814,0.2487,0.2188
0.0,0.8684,0.4342,0.0,0.8684,0.8684,0.0,0.0,0.0,0.4342,0.0,0.0,0.0,1.3025,0.4342,0.4342,0.0,0.0,0.4342,0.4342,0.0,0.0,0.0,0.0,0.0,0.0,0.0,0.0,0.0,0.0,0.0,0.0,0.0,0.0001,0.0,0.0,0.0,0.0,0.0,0.0,0.2363,0.1562,0.1733,0.2363,0.1562,0.1733
0.5329,0.5329,0.1776,0.1776,0.0,0.0,0.8881,0.5329,0.1776,0.0,0.1776,0.7105,0.1776,0.5329,0.7105,0.5329,0.0,0.1776,0.3552,0.5329,0.0,0.0,0.0,0.0,0.0,0.0,0.0,0.0,0.0,0.0,0.0,0.0,0.0,0.0,0.0,0.0,0.0,0.0,0.0,0.0,0.2806,0.2757,0.266,0.2806,0.2757,0.266
0.3852,0.7705,0.7705,0.3852,0.0,0.0,0.3852,0.7705,0.0,0.0,0.3852,0.0,0.3852,0.3852,0.3852,0.3852,0.0,0.3852,0.0,0.0,0.0,0.0,0.0,0.0,0.0,0.0,0.0,0.0,0.0,0.0,0.0,0.0,0.0,0.0,0.0,0.0,0.0,0.0,0.0,0.0,0.16,0.2163,0.2384,0.16,0.2163,0.2384
0.8709,0.2903,0.5806,1.4516,0.0,0.0,1.1613,0.0,0.2903,0.5806,0.8709,0.2903,0.2903,0.0,0.2903,0.5806,0.2903,0.0,0.0,0.0,0.0,0.0,0.0,0.0001,0.0,0.0,0.0001,0.0,0.0,0.0,0.0,0.0,0.0,0.0,0.0,0.0,0.0,0.0,0.0,0.0,0.2332,0.2391,0.2374,0.2332,0.2391,0.2374
0.5868,0.5868,0.5868,0.0,1.1736,0.0,0.0,1.1736,0.0,0.0,0.0,0.0,0.0,1.1736,0.5868,0.0,0.5868,0.0,0.0,0.0,0.0,0.0,0.0,0.0,0.0,0.0,0.0,0.0,0.0,0.0,0.0,0.0,0.0,0.0,0.0,0.0,0.0,0.0,0.0,0.0,0.1494,0.1504,0.1134,0.1494,0.1504,0.1134
0.3398,0.0,0.0,0.3398,0.0,0.3398,1.3593,0.6796,0.0,0.3398,0.6796,0.0,0.3398,0.0,0.0,0.3398,0.3398,0.0,0.3398,0.6796,0.0,0.0,0.0,0.0,0.0,0.0,0.0001,0.0,0.0,0.0,0.0,0.0,0.0,0.0,0.0,0.0,0.0,0.0,0.0,0.0,0.2668,0.162,0.2314,0.2668,0.162,0.2314
0.4204,0.0,0.0,1.2612,0.0,0.0,0.0,0.4204,0.0,0.0,0.4204,0.4204,0.0,1.2612,0.0,0.8408,0.8408,0.0,0.0,0.4204,0.0,0.0,0.0,0.0001,0.0,0.0,0.0,0.0,0.0,0.0,0.0,0.0,0.0,0.0001,0.0,0.0,0.0,0.0,0.0,0.0,0.2564,0.1943,0.129,0.2564,0.1943,0.129
0.2568,0.2568,0.7705,0.2568,0.5136,0.0,0.2568,0.7705,0.2568,0.0,0.7705,0.2568,0.2568,0.5136,0.5136,1.0273,0.5136,0.2568,0.5136,0.2568,0.0,0.0,0.0,0.0,0.0,0.0,0.0,0.0,0.0,0.0,0.0,0.0,0.0,0.0,0.0,0.0,0.0,0.0,0.0,0.0,0.2362,0.2793,0.2276,0.2362,0.2793,0.2276
0.2539,0.0,0.2539,1.5233,0.0,0.0,1.0155,0.2539,0.0,0.0,0.7617,0.2539,0.0,0.5078,0.0,0.2539,0.7617,0.0,0.0,0.7617,0.0,0.0,0.0,0.0001,0.0,0.0,0.0,0.0,0.0,0.0,0.0,0.0,0.0,0.0,0.0,0.0,0.0,0.0,0.0,0.0,0.2483,0.2965,0.2013,0.2483,0.2965,0.2013
0.9818,0.5891,0.1964,0.5891,0.3927,0.0,0.1964,1.3745,0.0,0.1964,1.1781,0.5891,0.0,0.1964,0.7854,0.3927,0.3927,0.0,0.0,0.0,0.0,0.0,0.0,0.0,0.0,0.0,0.0,0.0001,0.0,0.0,0.0,0.0,0.0,0.0,0.0,0.0,0.0,0.0,0.0,0.0,0.2707,0.2611,0.2719,0.2707,0.2611,0.2719
1.1509,0.0,0.2877,0.0,0.0,0.5755,0.0,2.0141,0.0,0.0,1.7264,0.8632,0.0,0.5755,0.2877,0.2877,0.0,0.0,0.0,0.0,0.0,0.0,0.0,0.0,0.0,0.0,0.0,0.0001,0.0,0.0,0.0001,0.0,0.0,0.0,0.0,0.0,0.0,0.0,0.0,0.0,0.24,0.2522,0.22,0.24,0.2522,0.22
0.6434,0.6434,0.0,0.2145,0.4289,0.4289,0.6434,0.8578,0.2145,0.2145,0.6434,0.0,0.4289,0.0,0.0,0.4289,0.2145,0.2145,0.2145,0.2145,0.0,0.0,0.0,0.0,0.0,0.0,0.0,0.0,0.0,0.0,0.0,0.0,0.0,0.0,0.0,0.0,0.0,0.0,0.0,0.0,0.2183,0.2798,0.2875,0.2183,0.2798,0.2875
1.3502,0.6751,0.0,0.6751,0.6751,0.3376,0.3376,1.0127,0.0,0.0,1.6878,0.0,0.3376,0.0,1.3502,0.6751,0.6751,0.0,0.0,0.3376,0.0,0.0,0.0,0.0,0.0,0.0,0.0,0.0,0.0,0.0,0.0001,0.0,0.0,0.0,0.0,0.0,0.0,0.0,0.0,0.0,0.217,0.221,0.2244,0.217,0.221,0.2244
1.5755,0.0,0.0,0.0,0.0,0.0,2.1006,0.0,0.0,0.0,0.0,0.5252,0.0,0.0,2.1006,0.0,0.0,0.0,0.0,0.5252,0.0002,0.0,0.0,0.0,0.0,0.0,0.0003,0.0,0.0,0.0,0.0,0.0001,0.0,0.0,0.0003,0.0,0.0,0.0,0.0,0.0001,0.2226,0.1447,0.1076,0.2226,0.1447,0.1076
0.8937,0.0,0.0,0.8937,0.0,0.0,0.0,1.7874,0.0,0.0,0.4468,0.0,0.4468,0.8937,0.4468,0.4468,0.4468,0.0,0.4468,0.0,0.0,0.0,0.0,0.0,0.0,0.0,0.0,0.0001,0.0,0.0,0.0,0.0,0.0,0.0,0.0,0.0,0.0,0.0,0.0,0.0,0.2272,0.1731,0.1528,0.2272,0.1731,0.1528
0.3231,0.3231,0.0,0.6461,0.0,0.0,0.6461,0.3231,0.3231,0.3231,0.6461,0.0,0.0,0.0,0.6461,0.3231,0.3231,0.0,0.3231,0.3231,0.0,0.0,0.0,0.0,0.0,0.0,0.0,0.0,0.0,0.0,0.0,0.0,0.0,0.0,0.0,0.0,0.0,0.0,0.0,0.0,0.202,0.2597,0.2153,0.202,0.2597,0.2153
0.5729,0.5729,0.0,1.1458,0.0,0.0,0.0,2.0051,0.2864,0.0,0.2864,0.0,0.0,0.2864,0.2864,2.2915,0.0,0.2864,0.0,0.2864,0.0,0.0,0.0,0.0001,0.0,0.0,0.0,0.0001,0.0,0.0,0.0,0.0,0.0,0.0,0.0,0.0001,0.0,0.0,0.0,0.0,0.2606,0.2181,0.2349,0.2606,0.2181,0.2349
0.1995,0.5984,0.399,0.0997,0.1995,0.399,0.5984,0.399,0.2992,0.1995,0.6982,0.6982,0.0,0.5984,0.4987,0.5984,0.399,0.0997,0.0997,0.1995,0.0,0.0,0.0,0.0,0.0,0.0,0.0,0.0,0.0,0.0,0.0,0.0,0.0,0.0,0.0,0.0,0.0,0.0,0.0,0.0,0.331,0.2882,0.2811,0.331,0.2882,0.2811
0.9594,0.3198,0.3198,0.3198,0.0,0.0,0.9594,0.0,0.0,0.0,1.2793,0.3198,0.0,0.0,0.3198,0.0,1.2793,0.0,0.0,0.6396,0.0001,0.0,0.0,0.0,0.0,0.0,0.0001,0.0,0.0,0.0,0.0001,0.0,0.0,0.0,0.0,0.0,0.0001,0.0,0.0,0.0,0.2541,0.1939,0.2322,0.2541,0.1939,0.2322
0.4062,0.4062,0.4062,0.0,0.0,0.8124,0.0,0.8124,0.4062,0.0,0.0,0.0,0.4062,0.8124,0.0,0.4062,0.0,0.4062,0.0,0.0,0.0,0.0,0.0,0.0,0.0,0.0,0.0,0.0,0.0,0.0,0.0,0.0,0.0,0.0,0.0,0.0,0.0,0.0,0.0,0.0,0.2195,0.1707,0.2036,0.2195,0.1707,0.2036
0.5194,0.8656,0.0,0.1731,0.3463,0.0,0.6925,0.6925,0.0,0.5194,0.5194,0.1731,0.3463,0.1731,0.0,0.3463,0.0,0.1731,0.1731,0.3463,0.0,0.0,0.0,0.0,0.0,0.0,0.0,0.0,0.0,0.0,0.0,0.0,0.0,0.0,0.0,0.0,0.0,0.0,0.0,0.0,0.2529,0.3333,0.2407,0.2529,0.3333,0.2407
0.3403,0.0,0.3403,0.0,0.0,0.0,0.0,1.7016,0.0,0.0,2.7225,1.0209,0.0,0.3403,0.3403,0.3403,0.3403,0.0,0.0,0.6806,0.0,0.0,0.0,0.0,0.0,0.0,0.0,0.0001,0.0,0.0,0.0001,0.0,0.0,0.0,0.0,0.0,0.0,0.0,0.0,0.0,0.2046,0.2789,0.1762,0.2046,0.2789,0.1762
0.0,0.4143,0.4143,0.4143,0.0,0.0,0.0,0.4143,0.4143,0.4143,1.2429,0.0,0.0,0.0,0.0,0.8286,0.0,0.0,0.4143,0.0,0.0,0.0,0.0,0.0,0.0,0.0,0.0,0.0,0.0,0.0,0.0001,0.0,0.0,0.0,0.0,0.0001,0.0,0.0,0.0,0.0,0.2497,0.2024,0.1336,0.2497,0.2024,0.1336
0.5874,0.2937,0.2937,0.5874,0.8812,0.1469,0.8812,0.4406,0.1469,0.2937,1.028,0.4406,0.0,0.1469,0.4406,0.7343,0.4406,0.0,0.0,0.1469,0.0,0.0,0.0,0.0,0.0,0.0,0.0,0.0,0.0,0.0,0.0,0.0,0.0,0.0,0.0,0.0,0.0,0.0,0.0,0.0,0.3133,0.269,0.2709,0.3133,0.269,0.2709
1.0577,0.0,0.0,0.3526,0.0,0.7051,0.3526,0.3526,0.3526,0.0,0.7051,0.7051,0.3526,0.0,0.3526,0.3526,0.7051,0.0,0.0,0.7051,0.0001,0.0,0.0,0.0,0.0,0.0,0.0,0.0,0.0,0.0,0.0,0.0,0.0,0.0,0.0,0.0,0.0,0.0,0.0,0.0,0.2269,0.2037,0.2169,0.2269,0.2037,0.2169
0.0,0.3536,1.0608,1.0608,0.0,0.0,0.3536,0.7072,0.0,0.0,0.7072,0.0,0.3536,0.3536,0.0,0.7072,0.0,0.0,0.3536,0.3536,0.0,0.0,0.0001,0.0001,0.0,0.0,0.0,0.0,0.0,0.0,0.0,0.0,0.0,0.0,0.0,0.0,0.0,0.0,0.0,0.0,0.1869,0.2229,0.2365,0.1869,0.2229,0.2365
0.4795,0.4795,0.959,0.0,0.0,0.0,0.0,2.3974,0.0,0.0,0.959,0.0,0.0,0.4795,0.4795,0.4795,0.0,0.4795,0.0,0.0,0.0,0.0,0.0,0.0,0.0,0.0,0.0,0.0001,0.0,0.0,0.0,0.0,0.0,0.0,0.0,0.0,0.0,0.0,0.0,0.0,0.1643,0.1731,0.1831,0.1643,0.1731,0.1831
0.4257,0.4257,0.0,0.0,0.0,0.4257,0.8514,0.8514,0.4257,0.0,0.0,0.0,0.0,0.4257,1.277,0.8514,0.0,0.4257,0.0,0.0,0.0,0.0,0.0,0.0,0.0,0.0,0.0001,0.0001,0.0,0.0,0.0,0.0,0.0,0.0,0.0001,0.0001,0.0,0.0,0.0,0.0,0.1346,0.2204,0.2193,0.1346,0.2204,0.2193
0.2896,0.5792,0.2896,0.0,0.0,0.5792,0.2896,0.5792,0.0,0.0,0.2896,0.5792,0.0,0.8688,0.5792,0.8688,0.0,0.0,0.5792,0.2896,0.0,0.0,0.0,0.0,0.0,0.0,0.0,0.0,0.0,0.0,0.0,0.0,0.0,0.0001,0.0,0.0001,0.0,0.0,0.0,0.0,0.298,0.1475,0.2649,0.298,0.1475,0.2649
0.0,0.0,0.0,0.959,0.0,0.4795,0.0,0.4795,0.0,0.0,0.4795,0.4795,0.4795,0.4795,0.4795,0.4795,0.0,0.0,0.0,0.959,0.0,0.0,0.0,0.0001,0.0,0.0,0.0,0.0,0.0,0.0,0.0,0.0,0.0,0.0,0.0,0.0,0.0,0.0,0.0,0.0001,0.2081,0.1798,0.1326,0.2081,0.1798,0.1326
1.048,0.8733,0.6987,0.1747,0.0,0.1747,0.524,0.6987,0.0,0.524,1.7467,0.524,0.0,0.0,0.0,0.8733,0.0,0.0,0.0,0.3493,0.0,0.0,0.0,0.0,0.0,0.0,0.0,0.0,0.0,0.0,0.0001,0.0,0.0,0.0,0.0,0.0,0.0,0.0,0.0,0.0,0.2886,0.2632,0.2735,0.2886,0.2632,0.2735
0.5052,0.0,0.0,0.5052,0.0,0.0,0.5052,0.5052,0.0,0.5052,0.5052,0.5052,0.5052,0.5052,0.5052,0.5052,0.0,0.0,0.0,0.0,0.0,0.0,0.0,0.0,0.0,0.0,0.0,0.0,0.0,0.0,0.0,0.0,0.0,0.0,0.0,0.0,0.0,0.0,0.0,0.0,0.1577,0.2243,0.1127,0.1577,0.2243,0.1127
0.3907,0.3907,0.3907,0.7814,0.521,0.521,0.3907,0.2605,0.0,0.0,0.521,0.3907,0.2605,0.3907,0.7814,0.7814,0.7814,0.1302,0.521,0.7814,0.0,0.0,0.0,0.0,0.0,0.0,0.0,0.0,0.0,0.0,0.0,0.0,0.0,0.0,0.0,0.0,0.0,0.0,0.0,0.0,0.2777,0.3233,0.2688,0.2777,0.3233,0.2688
0.6043,0.0,0.0,0.6043,0.0,1.2085,0.0,1.2085,0.0,0.0,0.6043,0.0,0.0,0.6043,1.8128,0.0,0.0,0.0,0.0,0.6043,0.0,0.0,0.0,0.0,0.0,0.0001,0.0,0.0001,0.0,0.0,0.0,0.0,0.0,0.0,0.0001,0.0,0.0,0.0,0.0,0.0,0.1183,0.1428,0.1347,0.1183,0.1428,0.1347
0.0,0.5106,0.0,0.2553,0.0,0.0,0.5106,1.0211,0.0,0.2553,0.7658,0.5106,0.5106,0.2553,0.2553,0.2553,0.2553,0.0,0.2553,0.2553,0.0,0.0,0.0,0.0,0.0,0.0,0.0,0.0001,0.0,0.0,0.0,0.0,0.0,0.0,0.0,0.0,0.0,0.0,0.0,0.0,0.3034,0.1768,0.2646,0.3034,0.1768,0.2646
0.7642,0.5732,0.3821,0.3821,0.0,0.1911,0.5732,0.1911,0.1911,0.3821,0.5732,0.3821,0.0,0.0,0.9553,0.1911,0.1911,0.0,0.9553,0.0,0.0,0.0,0.0,0.0,0.0,0.0,0.0,0.0,0.0,0.0,0.0,0.0,0.0,0.0,0.0001,0.0,0.0,0.0,0.0001,0.0,0.2562,0.2756,0.2771,0.2562,0.2756,0.2771
0.3985,0.3985,0.7971,1.1956,0.0,0.0,0.3985,0.0,0.3985,0.0,1.1956,0.0,0.0,0.3985,0.3985,0.3985,0.0,0.0,0.0,0.0,0.0,0.0,0.0001,0.0001,0.0,0.0,0.0,0.0,0.0,0.0,0.0001,0.0,0.0,0.0,0.0,0.0,0.0,0.0,0.0,0.0,0.2011,0.1896,0.2108,0.2011,0.1896,0.2108
0.2246,0.8983,0.2246,0.6737,0.0,0.0,3.3687,0.2246,0.0,0.4492,0.0,0.6737,0.0,0.4492,0.8983,0.6737,0.0,0.0,0.2246,0.0,0.0,0.0001,0.0,0.0,0.0,0.0,0.0002,0.0,0.0,0.0,0.0,0.0,0.0,0.0,0.0001,0.0,0.0,0.0,0.0,0.0,0.2394,0.2854,0.2506,0.2394,0.2854,0.2506
0.313,1.2522,0.313,0.0,0.0,0.0,0.0,0.6261,0.313,0.6261,0.313,0.0,0.313,0.0,0.0,0.313,0.313,0.0,0.0,0.313,0.0,0.0001,0.0,0.0,0.0,0.0,0.0,0.0,0.0,0.0,0.0,0.0,0.0,0.0,0.0,0.0,0.0,0.0,0.0,0.0,0.2283,0.2333,0.2253,0.2283,0.2333,0.2253
0.0,0.0,0.5051,1.0102,0.0,1.0102,0.0,0.0,0.0,0.0,0.5051,0.0,0.0,0.5051,0.5051,0.5051,0.5051,0.0,0.5051,1.0102,0.0,0.0,0.0,0.0001,0.0,0.0001,0.0,0.0,0.0,0.0,0.0,0.0,0.0,0.0,0.0,0.0,0.0,0.0,0.0,0.0001,0.1246,0.1887,0.1816,0.1246,0.1887,0.1816
0.7585,0.7585,0.0,1.0114,0.0,0.0,0.2528,0.7585,0.0,0.0,0.7585,0.2528,0.2528,0.5057,0.0,0.2528,0.2528,0.0,0.0,0.0,0.0,0.0,0.0,0.0001,0.0,0.0,0.0,0.0,0.0,0.0,0.0,0.0,0.0,0.0,0.0,0.0,0.0,0.0,0.0,0.0,0.312,0.1902,0.245,0.312,0.1902,0.245
1.9259,0.642,0.642,0.0,0.0,0.0,0.0,0.642,0.0,0.0,1.2839,0.0,0.0,0.0,0.642,1.2839,0.642,0.0,0.0,0.0,0.0001,0.0,0.0,0.0,0.0,0.0,0.0,0.0,0.0,0.0,0.0001,0.0,0.0,0.0,0.0,0.0001,0.0,0.0,0.0,0.0,0.1707,0.0856,0.1017,0.1707,0.0856,0.1017
0.3551,0.7102,1.0653,0.0,0.0,0.3551,0.0,1.7755,0.0,0.0,0.7102,0.0,0.3551,0.3551,0.3551,0.0,0.0,0.3551,0.0,0.3551,0.0,0.0,0.0001,0.0,0.0,0.0,0.0,0.0001,0.0,0.0,0.0,0.0,0.0,0.0,0.0,0.0,0.0,0.0,0.0,0.0,0.2207,0.2565,0.1677,0.2207,0.2565,0.1677
0.1998,0.9992,0.0,0.1998,0.0,0.0,0.0,2.7976,0.1998,0.1998,0.5995,0.1998,0.0,0.5995,0.1998,0.9992,0.1998,0.0,0.3997,0.1998,0.0,0.0,0.0,0.0,0.0,0.0,0.0,0.0001,0.0,0.0,0.0,0.0,0.0,0.0,0.0,0.0,0.0,0.0,0.0,0.0,0.3084,0.2724,0.2194,0.3084,0.2724,0.2194
0.5441,0.3627,0.3627,0.4534,0.0,0.5441,0.5441,0.5441,0.2721,0.0907,0.8162,0.8162,0.2721,0.0907,0.0907,0.6348,0.0907,0.0907,0.0907,0.9068,0.0,0.0,0.0,0.0,0.0,0.0,0.0,0.0,0.0,0.0,0.0,0.0,0.0,0.0,0.0,0.0,0.0,0.0,0.0,0.0,0.2874,0.301,0.3209,0.2874,0.301,0.3209
0.2447,0.4893,0.0,0.2447,0.4893,0.2447,0.4893,0.734,0.2447,0.4893,0.0,0.4893,0.2447,0.2447,0.9787,0.2447,0.0,0.2447,0.2447,0.4893,0.0,0.0,0.0,0.0,0.0,0.0,0.0,0.0,0.0,0.0,0.0,0.0,0.0,0.0,0.0,0.0,0.0,0.0,0.0,0.0,0.3226,0.2299,0.2029,0.3226,0.2299,0.2029
0.3362,0.6724,0.6724,1.0086,0.0,0.3362,0.0,0.0,0.0,0.0,1.0086,0.0,0.0,0.3362,0.6724,0.0,0.0,0.0,0.3362,0.3362,0.0,0.0,0.0,0.0001,0.0,0.0,0.0,0.0,0.0,0.0,0.0001,0.0,0.0,0.0,0.0,0.0,0.0,0.0,0.0,0.0,0.165,0.2536,0.2452,0.165,0.2536,0.2452
0.5339,0.0,0.5339,0.5339,0.0,0.5339,0.0,1.6017,0.0,1.0678,0.5339,0.0,0.0,0.5339,0.0,1.0678,0.0,0.0,0.0,0.0,0.0,0.0,0.0,0.0,0.0,0.0,0.0,0.0001,0.0,0.0,0.0,0.0,0.0,0.0,0.0,0.0,0.0,0.0,0.0,0.0,0.1981,0.1178,0.1502,0.1981,0.1178,0.1502
0.2433,0.73,0.2433,0.5678,0.4867,0.1622,0.4056,0.3244,0.0,0.0811,1.0545,0.5678,0.3244,0.3244,0.2433,0.4867,0.5678,0.0,0.1622,0.4056,0.0,0.0,0.0,0.0,0.0,0.0,0.0,0.0,0.0,0.0,0.0,0.0,0.0,0.0,0.0,0.0,0.0,0.0,0.0,0.0,0.2933,0.3393,0.2863,0.2933,0.3393,0.2863
0.7537,0.5653,0.3769,0.3769,0.0,0.1884,0.5653,0.1884,0.1884,0.5653,0.5653,0.3769,0.0,0.0,0.7537,0.1884,0.1884,0.0,0.9422,0.0,0.0,0.0,0.0,0.0,0.0,0.0,0.0,0.0,0.0,0.0,0.0,0.0,0.0,0.0,0.0,0.0,0.0,0.0,0.0001,0.0,0.2637,0.2729,0.275,0.2637,0.2729,0.275
0.4191,0.4191,0.8381,0.0,0.0,0.8381,0.4191,0.0,0.0,0.4191,0.0,0.4191,0.8381,0.4191,0.4191,0.8381,0.0,0.0,0.0,0.4191,0.0,0.0,0.0,0.0,0.0,0.0,0.0,0.0,0.0,0.0,0.0,0.0,0.0,0.0,0.0,0.0,0.0,0.0,0.0,0.0,0.1978,0.1691,0.2141,0.1978,0.1691,0.2141
1.0133,0.5066,0.0,0.0,0.0,0.0,0.5066,0.5066,0.0,0.5066,0.0,0.0,0.0,1.0133,1.0133,0.5066,0.0,0.0,0.0,0.0,0.0001,0.0,0.0,0.0,0.0,0.0,0.0,0.0,0.0,0.0,0.0,0.0,0.0,0.0001,0.0001,0.0,0.0,0.0,0.0,0.0,0.1945,0.1893,0.1095,0.1945,0.1893,0.1095
0.5193,0.727,0.3116,0.3116,0.6231,0.3116,0.8309,0.4154,0.0,0.1039,0.6231,0.2077,0.0,0.4154,0.2077,0.8309,0.2077,0.0,0.2077,0.4154,0.0,0.0,0.0,0.0,0.0,0.0,0.0,0.0,0.0,0.0,0.0,0.0,0.0,0.0,0.0,0.0,0.0,0.0,0.0,0.0,0.2832,0.3167,0.2962,0.2832,0.3167,0.2962
1.0082,0.5041,0.0,1.2603,0.0,0.2521,0.7562,0.2521,0.0,0.0,0.7562,0.0,0.0,0.2521,0.2521,0.7562,0.5041,0.0,0.0,0.0,0.0001,0.0,0.0,0.0001,0.0,0.0,0.0,0.0,0.0,0.0,0.0,0.0,0.0,0.0,0.0,0.0,0.0,0.0,0.0,0.0,0.2692,0.2487,0.23,0.2692,0.2487,0.23
1.1227,0.7485,0.0,0.3742,0.0,0.3742,0.0,1.4969,0.0,0.0,0.3742,0.0,0.0,0.0,0.7485,0.3742,0.0,0.7485,0.0,0.3742,0.0001,0.0,0.0,0.0,0.0,0.0,0.0,0.0001,0.0,0.0,0.0,0.0,0.0,0.0,0.0,0.0,0.0,0.0,0.0,0.0,0.1913,0.2156,0.2189,0.1913,0.2156,0.2189
