RRI_A,RRI_C,RRI_D,RRI_E,RRI_F,RRI_G,RRI_H,RRI_I,RRI_K,RRI_L,RRI_M,RRI_N,RRI_P,RRI_Q,RRI_R,RRI_S,RRI_T,RRI_V,RRI_W,RRI_Y,
1.00,1.00,0.00,2.33,1.00,0.00,1.00,0.00,1.00,0.00,0.00,1.00,1.00,1.00,0.00,1.00,1.00,0.00,1.00,1.00, 
1.00,1.00,0.00,0.00,0.00,1.40,1.00,1.00,1.00,0.00,1.00,1.33,0.00,1.00,1.40,1.40,0.00,0.00,0.00,0.00, 
1.00,1.00,1.00,1.00,0.00,1.00,1.40,1.00,1.00,0.00,1.00,1.00,0.00,0.00,1.00,1.00,1.00,0.00,1.33,1.00, 
1.00,1.00,0.00,0.00,0.00,1.00,0.00,1.00,1.00,0.00,1.00,0.00,1.00,0.00,0.00,0.00,1.00,1.00,0.00,1.00, 
1.40,1.00,1.00,0.00,1.00,0.00,1.00,1.00,0.00,0.00,1.00,1.00,0.00,1.50,1.00,1.40,1.00,1.00,0.00,0.00, 
1.00,0.00,1.00,0.00,0.00,1.00,0.00,1.00,1.00,0.00,0.00,0.00,0.00,1.00,0.00,1.00,0.00,1.00,1.00,0.00, 
1.50,1.00,0.00,1.00,0.00,0.00,0.00,1.40,0.00,0.00,1.00,0.00,0.00,0.00,0.00,1.00,1.00,1.67,0.00,1.00, 
1.00,0.00,1.00,1.00,0.00,0.00,1.89,1.50,0.00,0.00,1.00,0.00,1.00,0.00,1.00,0.00,0.00,0.00,1.00,1.00, 
1.00,1.00,1.00,0.00,0.00,0.00,1.00,1.00,0.00,0.00,1.00,0.00,1.00,0.00,1.00,0.00,1.00,1.00,0.00,0.00, 
1.00,1.67,1.29,1.57,1.00,0.00,0.00,1.25,0.00,1.00,0.00,1.00,0.00,1.00,1.00,1.00,1.00,0.00,1.00,1.00, 
0.00,1.00,1.00,1.00,0.00,0.00,1.00,1.00,0.00,1.00,1.00,0.00,0.00,1.00,0.00,1.00,0.00,0.00,0.00,1.00, 
1.67,1.00,1.00,1.33,0.00,1.00,1.33,1.00,1.00,1.00,1.29,0.00,1.00,1.00,1.00,1.00,0.00,0.00,1.00,1.00, 
1.00,1.00,1.00,1.00,1.40,1.00,1.00,0.00,0.00,1.00,1.00,1.15,1.00,1.00,1.00,1.33,1.33,1.00,1.00,1.00, 
1.00,1.00,1.00,0.00,0.00,0.00,1.50,1.00,1.00,1.00,1.00,0.00,0.00,0.00,0.00,1.00,1.00,0.00,0.00,0.00, 
1.00,1.50,1.00,1.00,0.00,1.00,1.20,1.00,1.00,1.00,1.00,1.00,1.00,1.00,1.00,1.25,1.00,0.00,0.00,1.00, 
1.00,0.00,1.00,0.00,0.00,0.00,1.00,1.00,0.00,1.00,1.33,1.00,1.00,0.00,0.00,1.00,0.00,0.00,0.00,0.00, 
1.40,1.00,1.00,1.00,0.00,1.67,0.00,1.00,0.00,0.00,1.00,1.00,0.00,1.00,0.00,1.00,0.00,0.00,1.00,1.00, 
1.00,1.00,1.00,1.20,0.00,1.00,1.00,1.29,1.67,0.00,1.57,1.00,0.00,0.00,0.00,1.40,1.00,0.00,0.00,1.00, 
1.00,1.00,1.00,1.00,1.00,1.00,1.67,1.33,1.00,1.00,1.00,1.00,1.00,1.00,1.00,1.00,1.00,1.00,1.00,1.40, 
1.00,1.00,0.00,1.50,0.00,1.00,1.00,0.00,1.00,1.00,1.50,1.00,0.00,1.00,1.00,1.00,1.00,0.00,0.00,1.00, 
1.00,0.00,1.00,1.00,0.00,0.00,1.40,0.00,0.00,0.00,1.50,0.00,0.00,1.00,1.00,1.00,1.00,1.00,0.00,0.00, 
1.25,1.00,1.00,1.00,0.00,0.00,1.00,1.25,0.00,0.00,1.29,1.00,0.00,1.00,1.00,1.00,0.00,0.00,1.00,0.00, 
0.00,0.00,0.00,1.00,0.00,1.67,0.00,1.00,0.00,0.00,0.00,0.00,1.00,1.00,0.00,0.00,1.00,1.00,1.00,0.00, 
1.00,1.00,1.00,1.00,0.00,1.00,1.29,1.00,1.00,1.00,1.25,0.00,1.00,1.00,1.00,1.00,0.00,0.00,0.00,1.00, 
1.73,1.00,0.00,1.00,0.00,1.00,1.50,1.40,0.00,0.00,1.83,0.00,0.00,0.00,0.00,1.00,1.00,0.00,1.00,0.00, 
1.00,0.00,1.00,1.00,1.00,1.00,2.57,1.33,1.00,0.00,1.00,1.00,1.00,1.00,1.00,1.00,0.00,0.00,1.00,1.00, 
1.00,1.00,1.40,0.00,1.00,0.00,1.00,1.00,0.00,0.00,1.00,1.00,0.00,1.00,1.50,1.00,1.00,1.00,1.00,1.00, 
1.00,1.50,1.00,1.80,0.00,1.00,1.00,1.29,1.00,1.00,1.00,1.00,0.00,0.00,1.00,1.00,0.00,1.00,1.00,1.00, 
1.67,1.00,0.00,0.00,0.00,1.00,0.00,1.00,0.00,0.00,1.00,1.00,0.00,1.00,1.00,1.50,1.00,0.00,0.00,1.00, 
0.00,1.00,1.00,1.00,0.00,1.00,1.00,1.67,1.00,0.00,0.00,1.00,1.50,1.00,1.00,1.00,1.00,0.00,1.00,1.00, 
1.00,1.00,0.00,0.00,0.00,1.00,0.00,1.00,0.00,0.00,0.00,0.00,1.00,1.00,1.00,1.00,0.00,0.00,0.00,0.00, 
1.00,1.00,1.00,1.00,1.00,1.00,1.00,1.33,1.00,0.00,1.00,1.00,0.00,1.00,1.00,1.00,1.00,1.00,0.00,1.00, 
1.00,1.00,0.00,0.00,0.00,0.00,0.00,1.50,0.00,1.00,1.00,0.00,1.00,0.00,0.00,1.00,1.00,0.00,1.00,0.00, 
1.00,3.00,1.00,1.00,1.29,0.00,1.00,1.71,1.00,1.00,1.25,1.00,1.00,1.00,1.40,1.00,1.00,0.00,1.00,1.00, 
0.00,1.00,1.00,1.00,0.00,1.00,0.00,0.00,0.00,0.00,1.00,0.00,0.00,1.00,1.00,0.00,0.00,0.00,0.00,0.00, 
0.00,1.00,1.00,0.00,0.00,0.00,1.00,0.00,0.00,1.00,1.00,0.00,0.00,1.00,1.00,1.00,0.00,0.00,0.00,0.00, 
1.36,1.00,1.00,1.00,0.00,1.00,1.00,1.00,1.00,1.00,1.25,1.00,1.00,0.00,1.00,1.00,0.00,0.00,0.00,1.00, 
1.50,1.00,1.00,0.00,0.00,1.00,1.00,1.00,0.00,0.00,1.00,0.00,0.00,1.00,1.00,1.00,0.00,1.00,0.00,0.00, 
1.00,1.00,1.00,0.00,0.00,1.00,0.00,1.00,1.00,1.00,0.00,1.00,0.00,1.00,1.00,0.00,1.00,1.00,0.00,1.50, 
1.00,1.00,1.00,1.00,0.00,1.00,1.00,0.00,1.00,1.50,1.44,0.00,0.00,1.00,1.00,1.00,1.00,0.00,0.00,1.00, 
1.00,1.00,0.00,1.00,0.00,0.00,0.00,1.00,0.00,1.00,1.00,0.00,0.00,1.00,1.00,2.33,0.00,0.00,0.00,1.00, 
0.00,0.00,1.00,1.00,0.00,1.00,1.00,1.00,0.00,0.00,1.00,1.50,1.00,1.00,1.50,1.00,1.00,1.00,1.00,0.00, 
1.00,0.00,0.00,0.00,0.00,0.00,1.00,1.00,1.00,1.00,1.00,1.00,1.00,1.00,0.00,1.00,0.00,0.00,0.00,1.00, 
1.00,1.00,1.00,0.00,0.00,0.00,0.00,1.00,0.00,0.00,1.00,0.00,1.00,0.00,0.00,1.00,0.00,0.00,1.00,0.00, 
1.00,1.27,1.00,1.00,0.00,1.25,1.00,1.00,1.00,1.00,1.22,1.00,1.00,1.00,1.00,1.00,1.00,1.00,1.00,1.29, 
1.00,1.00,1.00,1.00,1.00,0.00,1.00,1.00,1.00,1.00,1.00,1.00,1.00,1.00,1.00,1.00,1.00,0.00,1.00,1.00, 
1.00,0.00,0.00,1.00,0.00,0.00,1.40,0.00,0.00,1.00,1.00,0.00,1.00,0.00,0.00,1.00,1.00,0.00,0.00,0.00, 
1.00,1.00,1.40,1.00,1.00,0.00,0.00,1.00,1.00,1.00,1.00,0.00,1.00,1.00,1.00,1.33,1.00,0.00,0.00,1.00, 
2.33,1.00,1.00,0.00,0.00,1.67,1.00,1.00,1.00,0.00,1.00,0.00,0.00,0.00,1.00,1.00,1.00,1.00,0.00,1.00, 
1.67,1.00,1.00,0.00,0.00,0.00,1.00,1.00,1.00,0.00,1.00,0.00,0.00,1.67,1.00,1.00,0.00,0.00,0.00,1.00, 
1.00,1.89,1.00,1.00,0.00,1.00,1.00,1.40,1.00,1.00,1.00,1.00,1.00,1.00,0.00,1.00,1.00,1.00,1.00,1.00, 
1.00,1.00,1.00,1.00,1.18,1.00,1.00,1.00,1.00,1.33,1.25,1.80,1.00,1.00,1.00,1.00,1.00,1.00,1.00,1.00, 
0.00,0.00,1.00,0.00,0.00,1.00,0.00,1.00,1.00,0.00,0.00,0.00,0.00,1.00,1.00,1.00,0.00,1.00,1.00,0.00, 
1.00,1.00,1.00,1.00,0.00,0.00,0.00,1.00,0.00,1.00,1.00,1.00,0.00,1.50,1.00,1.00,0.00,0.00,0.00,1.00, 
1.67,1.00,0.00,0.00,0.00,1.00,0.00,1.00,1.00,0.00,1.00,0.00,0.00,0.00,0.00,1.00,0.00,0.00,0.00,0.00, 
1.00,0.00,1.00,1.00,0.00,0.00,1.00,0.00,0.00,1.00,1.33,1.00,0.00,0.00,1.00,1.00,0.00,0.00,0.00,1.00, 
1.00,1.00,0.00,1.00,0.00,1.00,0.00,0.00,0.00,0.00,1.50,1.00,0.00,0.00,1.00,1.00,0.00,0.00,0.00,0.00, 
1.00,1.89,1.00,1.00,0.00,1.00,1.40,0.00,1.00,1.00,1.00,1.00,0.00,1.00,0.00,1.00,1.00,0.00,1.00,0.00, 
1.00,1.00,0.00,1.00,0.00,0.00,0.00,1.00,1.00,1.00,1.00,0.00,0.00,0.00,1.00,1.67,0.00,0.00,0.00,0.00, 
0.00,1.00,1.00,0.00,0.00,0.00,0.00,1.50,1.00,1.00,1.00,0.00,1.00,0.00,0.00,0.00,0.00,0.00,0.00,1.00, 
1.00,1.50,1.00,1.00,0.00,1.00,0.00,1.00,1.00,1.00,1.50,1.00,0.00,1.00,0.00,1.40,1.00,1.00,1.00,1.00, 
1.00,1.00,0.00,1.00,0.00,0.00,0.00,1.00,1.00,1.00,0.00,0.00,0.00,1.00,0.00,1.00,0.00,0.00,0.00,1.00, 
1.00,1.00,1.00,0.00,0.00,0.00,1.00,1.00,0.00,1.00,1.00,1.00,0.00,1.00,1.00,0.00,1.00,0.00,0.00,0.00, 
0.00,0.00,1.00,1.00,0.00,1.00,0.00,1.00,1.00,1.00,1.00,0.00,0.00,1.00,0.00,1.00,1.00,0.00,0.00,0.00, 
1.00,1.00,1.00,1.00,0.00,1.00,0.00,1.00,0.00,1.00,1.00,0.00,1.00,1.00,1.00,1.00,0.00,0.00,1.00,0.00, 
0.00,1.00,1.00,1.00,0.00,1.00,0.00,1.00,0.00,0.00,1.00,1.00,0.00,1.50,1.33,1.00,1.00,1.00,1.00,1.00, 
1.00,1.00,1.00,0.00,0.00,0.00,1.67,1.33,0.00,0.00,1.00,1.67,0.00,1.00,0.00,1.00,1.00,0.00,1.00,1.00, 
0.00,1.00,0.00,1.00,0.00,0.00,1.00,1.00,1.00,1.00,1.00,0.00,0.00,1.67,1.50,1.00,1.00,0.00,1.00,0.00, 
0.00,0.00,1.00,1.00,0.00,0.00,0.00,1.00,0.00,1.00,1.00,0.00,1.00,1.00,1.00,1.00,0.00,0.00,1.00,0.00, 
1.00,1.00,1.00,0.00,0.00,1.00,0.00,1.00,1.00,0.00,1.67,0.00,0.00,0.00,1.00,1.50,1.00,0.00,1.00,1.00, 
0.00,1.00,0.00,0.00,0.00,1.00,0.00,1.00,0.00,1.00,0.00,0.00,0.00,0.00,1.57,0.00,0.00,0.00,0.00,0.00, 
1.18,1.00,1.00,1.00,1.00,1.00,1.22,1.00,0.00,1.00,1.00,1.00,1.00,1.00,1.00,1.00,0.00,1.00,1.00,1.00, 
1.00,1.00,1.00,1.00,0.00,0.00,0.00,1.00,0.00,0.00,1.00,0.00,0.00,1.00,1.00,1.00,1.00,0.00,0.00,1.00, 
0.00,0.00,0.00,1.00,0.00,1.67,0.00,1.00,1.00,0.00,0.00,0.00,0.00,1.00,0.00,1.00,1.00,0.00,1.00,0.00, 
1.00,1.00,1.00,1.00,0.00,1.00,1.00,1.00,0.00,0.00,1.00,0.00,0.00,1.33,1.00,1.00,1.00,0.00,0.00,0.00, 
1.00,1.00,0.00,0.00,1.00,0.00,1.00,1.40,1.67,0.00,1.00,1.00,1.00,1.00,1.00,1.00,1.00,1.00,0.00,1.00, 
0.00,1.00,1.00,0.00,0.00,0.00,1.00,1.00,0.00,1.00,0.00,0.00,0.00,1.00,1.00,0.00,0.00,0.00,1.00,1.00, 
0.00,1.00,1.00,1.00,1.00,1.00,1.67,1.00,1.00,1.00,1.00,1.00,0.00,1.00,1.00,1.00,1.00,1.00,1.00,1.00, 
0.00,1.00,0.00,0.00,0.00,0.00,1.00,1.00,0.00,0.00,1.00,0.00,0.00,1.00,0.00,1.00,1.00,0.00,1.00,1.00, 
1.00,0.00,0.00,0.00,0.00,0.00,2.00,0.00,1.00,0.00,0.00,1.00,0.00,1.00,1.00,1.00,0.00,0.00,0.00,1.00, 
1.00,1.00,1.00,1.00,1.00,1.00,1.00,1.00,1.00,1.00,1.18,1.33,1.00,1.00,1.00,1.00,1.00,0.00,1.00,1.00, 
1.00,0.00,1.00,1.00,0.00,0.00,0.00,1.00,0.00,0.00,1.00,0.00,0.00,1.00,0.00,1.00,0.00,0.00,0.00,0.00, 
1.00,1.00,1.00,1.00,0.00,0.00,0.00,1.00,0.00,0.00,1.29,1.67,1.00,1.40,1.00,1.00,1.50,0.00,0.00,1.00, 
1.29,1.00,0.00,2.14,0.00,1.00,0.00,1.00,1.00,1.00,1.00,0.00,0.00,1.00,1.00,1.00,1.00,0.00,1.50,0.00, 
1.00,1.00,1.00,1.00,0.00,1.40,0.00,1.00,1.00,1.00,1.33,1.00,1.00,1.00,1.00,1.33,1.00,1.00,1.00,1.00, 
1.00,1.67,0.00,1.00,0.00,1.00,1.22,1.00,1.00,1.00,1.00,1.00,0.00,0.00,1.00,1.00,0.00,0.00,0.00,1.00, 
1.00,1.00,1.00,0.00,0.00,1.00,1.29,1.00,0.00,0.00,1.00,0.00,0.00,0.00,1.00,1.00,0.00,1.00,0.00,1.33, 
0.00,0.00,1.50,0.00,0.00,1.00,1.00,0.00,0.00,1.00,1.00,0.00,0.00,0.00,1.00,1.00,0.00,0.00,1.00,1.00, 
0.00,1.00,0.00,1.00,0.00,1.00,0.00,1.00,1.00,1.00,0.00,0.00,1.00,1.00,0.00,1.00,0.00,0.00,0.00,1.00, 
1.00,0.00,0.00,1.00,1.40,1.00,1.00,1.00,0.00,1.00,1.00,0.00,0.00,0.00,1.00,0.00,1.00,0.00,1.00,1.50, 
1.00,1.00,1.00,1.00,0.00,0.00,1.00,1.00,0.00,1.00,0.00,1.00,1.00,1.67,1.00,1.00,1.00,0.00,0.00,1.00, 
1.40,1.00,0.00,1.00,0.00,1.00,1.00,1.00,1.00,0.00,1.40,1.00,1.00,1.00,1.00,1.00,0.00,0.00,1.00,1.40, 
1.00,1.00,0.00,0.00,0.00,0.00,1.00,1.00,0.00,0.00,0.00,1.00,0.00,1.00,1.40,0.00,1.00,0.00,0.00,1.00, 
1.00,1.00,1.00,1.00,0.00,0.00,1.00,1.00,0.00,0.00,1.00,1.00,0.00,1.00,0.00,1.44,0.00,0.00,0.00,0.00, 
1.67,1.00,0.00,0.00,0.00,0.00,1.00,1.00,0.00,1.00,1.00,0.00,0.00,1.00,1.00,0.00,0.00,0.00,0.00,1.00, 
1.00,1.67,1.00,1.50,0.00,1.00,0.00,1.00,1.00,1.00,1.00,1.00,1.00,1.00,1.00,1.25,0.00,1.00,1.00,1.00, 
1.50,1.00,1.00,1.00,0.00,0.00,1.67,0.00,0.00,1.00,1.00,1.00,1.00,1.00,1.33,1.00,1.00,1.00,0.00,1.50, 
0.00,1.67,1.00,0.00,0.00,0.00,0.00,1.00,0.00,0.00,1.00,0.00,1.00,1.00,1.40,1.00,0.00,0.00,1.00,0.00, 
1.00,0.00,1.00,1.00,1.00,1.00,0.00,1.00,1.00,0.00,1.00,1.00,0.00,1.67,1.00,1.00,0.00,0.00,1.00,1.00, 
1.00,1.00,1.00,1.00,0.00,0.00,0.00,1.40,0.00,0.00,1.00,0.00,0.00,1.00,0.00,1.00,1.00,0.00,0.00,0.00, 
1.40,1.00,1.00,0.00,0.00,1.00,1.29,1.00,0.00,0.00,1.00,0.00,1.00,0.00,1.60,1.50,1.00,1.00,0.00,1.00, 
0.00,1.00,1.00,1.00,0.00,1.00,1.00,0.00,0.00,1.67,1.50,0.00,1.00,0.00,1.00,1.00,0.00,0.00,0.00,0.00, 
1.00,1.00,0.00,1.00,1.25,0.00,1.00,1.00,0.00,1.00,1.00,1.25,1.00,1.00,1.40,1.36,1.00,0.00,1.00,1.00, 
1.00,1.00,1.00,1.00,0.00,1.00,1.00,0.00,0.00,0.00,1.00,0.00,1.00,0.00,0.00,1.00,0.00,0.00,1.00,1.00, 
1.00,1.00,1.00,1.00,1.00,1.00,1.00,1.20,1.00,0.00,1.00,0.00,1.00,1.00,1.00,1.00,1.00,1.00,1.00,1.00, 
1.00,0.00,1.00,1.50,1.00,1.00,2.57,1.00,1.00,0.00,1.00,1.00,0.00,0.00,1.00,1.00,1.00,0.00,1.00,1.00, 
0.00,0.00,0.00,1.00,0.00,1.00,1.00,1.00,0.00,0.00,1.00,1.00,1.00,1.00,1.00,0.00,0.00,0.00,0.00,1.00, 
1.00,0.00,1.00,0.00,0.00,1.00,0.00,1.00,0.00,0.00,1.00,1.00,0.00,0.00,0.00,1.00,0.00,1.00,0.00,0.00, 
1.00,1.00,0.00,1.00,0.00,0.00,1.00,1.00,1.00,0.00,1.00,1.00,0.00,1.00,0.00,1.00,1.00,0.00,1.00,1.00, 
1.00,1.00,1.00,1.36,1.00,1.00,1.00,1.00,1.00,1.00,1.29,1.00,1.40,1.00,0.00,1.00,1.00,0.00,1.00,1.00, 
1.29,1.00,1.00,1.00,0.00,1.00,1.00,1.00,1.00,1.00,1.36,1.00,1.00,1.00,1.00,1.00,0.00,1.00,1.00,0.00, 
0.00,1.00,0.00,1.67,0.00,1.00,0.00,1.50,1.00,0.00,0.00,0.00,1.00,1.00,0.00,0.00,0.00,0.00,1.00,0.00, 
1.00,1.00,1.00,0.00,0.00,0.00,1.00,1.00,1.00,0.00,1.00,0.00,0.00,0.00,1.00,1.50,1.00,0.00,1.00,1.00, 
1.00,1.00,1.33,1.00,0.00,1.00,1.67,1.00,1.00,1.00,0.00,1.00,1.00,1.00,1.00,1.00,1.00,0.00,1.00,0.00, 
0.00,1.00,1.00,0.00,0.00,1.33,0.00,1.59,0.00,0.00,0.00,0.00,1.00,1.00,0.00,1.00,0.00,0.00,0.00,0.00, 
1.00,0.00,0.00,1.00,0.00,1.00,3.00,1.00,0.00,0.00,1.00,1.67,1.00,1.00,1.00,1.00,1.00,1.00,1.00,0.00, 
1.00,1.31,1.00,1.00,0.00,1.25,1.91,1.00,1.00,1.00,1.29,1.00,1.00,1.00,1.29,1.00,1.00,1.00,1.00,1.00, 
1.00,1.00,1.00,0.00,0.00,1.00,1.00,1.00,0.00,0.00,0.00,0.00,0.00,1.00,0.00,1.00,1.00,0.00,1.00,1.00, 
1.50,1.00,0.00,1.00,1.00,1.40,1.22,1.00,1.00,1.00,1.18,1.00,0.00,1.00,1.00,1.17,1.00,1.00,0.00,0.00, 
1.00,1.00,1.00,1.00,0.00,1.00,1.25,1.50,1.00,1.00,1.00,0.00,1.00,1.00,1.29,1.00,0.00,1.00,0.00,1.00, 
1.00,1.50,0.00,1.89,0.00,1.00,1.00,1.91,1.00,1.00,1.00,1.00,1.00,0.00,1.00,1.00,1.00,0.00,1.00,1.00, 
2.14,1.00,1.00,1.00,1.40,1.00,0.00,1.00,1.00,0.00,1.40,0.00,0.00,0.00,1.00,1.00,1.00,0.00,1.00,0.00, 
1.00,1.00,1.00,1.00,0.00,1.00,1.00,1.00,0.00,0.00,1.33,0.00,1.00,0.00,1.00,1.40,1.00,0.00,0.00,1.00, 
1.00,1.00,1.00,1.00,1.40,1.00,1.00,1.00,1.00,1.00,1.00,1.17,1.00,1.00,1.00,1.29,1.25,1.00,1.00,1.00, 
2.14,1.00,0.00,1.00,0.00,0.00,0.00,1.00,0.00,0.00,1.00,0.00,0.00,1.00,1.00,1.00,1.00,1.00,0.00,1.00, 
1.00,1.40,0.00,1.40,0.00,1.00,1.00,1.00,1.00,1.00,1.00,1.40,1.00,0.00,1.00,1.00,0.00,0.00,1.00,1.00, 
1.00,1.00,1.00,0.00,0.00,0.00,0.00,1.00,0.00,0.00,0.00,1.67,0.00,1.00,1.00,0.00,1.00,0.00,1.00,1.00, 
0.00,1.00,1.00,0.00,0.00,1.00,0.00,1.00,0.00,0.00,0.00,0.00,1.00,1.00,0.00,1.00,0.00,1.00,1.00,0.00, 
1.00,1.50,1.00,0.00,0.00,0.00,1.00,1.00,0.00,1.00,1.50,1.00,1.00,1.00,1.00,0.00,1.00,0.00,1.00,0.00, 
1.00,1.00,1.00,1.00,0.00,1.40,1.00,1.00,1.00,1.00,1.29,1.00,1.00,1.00,1.00,1.29,1.00,1.00,1.00,1.00, 
0.00,1.00,0.00,0.00,0.00,0.00,1.00,3.00,0.00,0.00,1.00,0.00,0.00,1.00,0.00,1.50,0.00,0.00,0.00,0.00, 
1.00,0.00,1.00,1.00,0.00,1.00,0.00,1.00,0.00,0.00,1.00,1.00,0.00,1.00,1.00,1.00,1.00,1.00,0.00,0.00, 
1.15,1.00,1.00,1.22,1.00,1.00,1.00,1.00,0.00,1.00,1.00,1.15,1.00,1.00,1.00,1.00,1.00,1.00,1.00,1.00, 
0.00,1.00,0.00,0.00,0.00,0.00,0.00,1.40,0.00,0.00,0.00,0.00,1.00,0.00,1.00,0.00,0.00,1.00,1.00,0.00, 
1.00,1.00,1.00,1.00,0.00,0.00,1.00,1.00,0.00,0.00,1.00,1.00,0.00,1.00,1.00,1.80,1.00,0.00,1.00,0.00, 
1.00,0.00,1.00,1.00,0.00,0.00,1.00,1.00,0.00,0.00,1.00,0.00,0.00,1.00,0.00,1.00,0.00,0.00,0.00,0.00, 
1.00,0.00,1.00,1.40,0.00,0.00,2.00,1.00,0.00,0.00,1.00,0.00,0.00,0.00,0.00,0.00,0.00,0.00,0.00,0.00, 
1.00,1.00,1.00,0.00,0.00,1.00,0.00,1.00,0.00,1.00,1.00,1.00,1.00,1.00,1.00,1.00,1.00,1.00,0.00,0.00, 
1.50,1.00,1.00,0.00,0.00,1.00,0.00,1.00,1.00,1.00,1.33,0.00,1.00,0.00,1.50,1.00,1.00,0.00,0.00,0.00, 
0.00,1.00,0.00,0.00,0.00,0.00,0.00,1.00,0.00,1.00,1.00,0.00,0.00,1.00,1.00,1.67,0.00,0.00,0.00,1.00, 
1.00,1.33,0.00,1.00,0.00,0.00,2.00,1.40,0.00,0.00,0.00,1.00,0.00,0.00,1.00,1.00,1.00,0.00,0.00,0.00, 
1.00,1.00,1.00,0.00,1.00,0.00,1.00,1.00,0.00,0.00,0.00,1.00,1.00,1.50,1.00,1.00,1.00,1.00,0.00,0.00, 
1.00,1.00,1.00,1.40,0.00,1.40,1.00,1.00,0.00,1.00,1.00,1.00,0.00,1.00,1.00,0.00,1.00,0.00,1.00,1.50, 
1.00,1.00,0.00,0.00,0.00,0.00,1.00,1.00,0.00,0.00,1.00,1.00,0.00,1.00,1.00,1.00,0.00,0.00,1.00,1.00, 
1.00,1.00,1.00,0.00,0.00,0.00,1.00,0.00,0.00,0.00,1.00,1.00,1.00,1.00,0.00,2.14,1.00,0.00,0.00,1.00, 
0.00,1.00,1.40,0.00,1.00,0.00,1.00,1.00,0.00,1.00,1.00,1.67,1.00,1.00,0.00,1.29,0.00,1.00,0.00,0.00, 
1.50,0.00,1.00,1.00,0.00,1.00,1.00,1.00,0.00,1.00,1.00,0.00,0.00,0.00,1.00,1.00,0.00,0.00,1.00,0.00, 
0.00,1.00,0.00,1.00,0.00,1.00,0.00,0.00,0.00,0.00,0.00,0.00,1.00,1.00,1.00,1.67,1.00,0.00,0.00,0.00, 
1.00,1.00,0.00,1.00,0.00,0.00,0.00,1.00,0.00,0.00,1.00,0.00,0.00,1.00,1.00,1.00,0.00,0.00,0.00,1.00, 
1.00,1.00,1.00,0.00,0.00,0.00,0.00,1.00,1.00,0.00,1.00,1.00,1.00,1.00,1.00,1.00,0.00,0.00,0.00,1.00, 
1.00,1.00,1.00,1.00,0.00,0.00,1.00,1.00,0.00,1.00,0.00,0.00,0.00,1.00,1.00,1.00,0.00,0.00,0.00,1.00, 
1.00,1.67,0.00,0.00,0.00,0.00,1.00,0.00,0.00,0.00,1.67,1.00,1.00,1.00,0.00,1.50,1.00,0.00,0.00,0.00, 
1.00,0.00,1.00,1.00,0.00,0.00,1.00,1.00,0.00,1.00,1.00,1.00,1.00,0.00,0.00,1.00,0.00,0.00,0.00,1.00, 
1.50,1.00,1.00,0.00,0.00,1.00,0.00,1.00,0.00,1.00,1.00,0.00,0.00,0.00,1.00,1.40,0.00,0.00,1.00,0.00, 
1.00,1.00,1.00,1.00,0.00,1.00,0.00,1.00,0.00,0.00,1.00,0.00,1.00,0.00,1.00,1.00,0.00,0.00,1.00,1.00, 
1.00,1.00,1.00,1.00,0.00,1.00,1.00,1.40,1.00,0.00,1.00,1.00,0.00,0.00,0.00,1.00,1.00,0.00,1.00,1.00, 
1.00,0.00,1.00,1.00,0.00,1.00,0.00,1.00,0.00,0.00,1.00,0.00,1.00,1.00,1.00,0.00,0.00,0.00,1.00,0.00, 
1.00,1.00,1.00,1.00,0.00,1.00,1.00,1.00,1.00,1.00,0.00,1.00,1.00,0.00,0.00,1.00,0.00,0.00,1.00,0.00, 
1.00,1.00,0.00,0.00,0.00,0.00,0.00,1.00,0.00,0.00,0.00,1.00,0.00,1.00,1.50,1.00,1.00,0.00,0.00,1.00, 
1.00,1.80,1.00,1.00,1.00,1.00,1.00,1.00,0.00,1.00,1.43,1.00,1.00,1.00,1.00,1.00,1.00,0.00,0.00,1.00, 
1.00,1.00,1.00,1.00,1.00,0.00,0.00,1.00,0.00,1.00,1.00,1.50,1.00,1.00,0.00,1.00,0.00,0.00,0.00,0.00, 
1.00,0.00,1.00,0.00,0.00,0.00,0.00,1.00,1.00,0.00,0.00,0.00,0.00,1.00,1.00,1.00,0.00,1.00,1.00,0.00, 
0.00,1.00,0.00,1.00,1.00,0.00,1.00,1.00,0.00,0.00,0.00,0.00,1.00,0.00,1.00,0.00,1.00,1.00,1.00,1.00, 
1.00,1.00,0.00,1.50,0.00,0.00,0.00,0.00,0.00,0.00,1.00,1.00,0.00,0.00,1.00,1.00,0.00,0.00,0.00,0.00, 
0.00,0.00,1.67,1.00,1.00,0.00,0.00,0.00,0.00,0.00,0.00,1.00,0.00,1.00,0.00,1.00,0.00,1.00,1.00,1.00, 
2.00,0.00,0.00,1.00,0.00,0.00,0.00,1.50,1.00,0.00,1.00,0.00,0.00,1.00,0.00,0.00,1.00,0.00,1.00,0.00, 
1.00,1.40,1.00,1.00,1.00,0.00,1.00,1.33,1.00,1.67,1.00,1.00,1.00,1.00,1.00,1.40,0.00,0.00,1.00,1.00, 
0.00,1.00,0.00,0.00,0.00,0.00,1.40,1.00,0.00,0.00,1.00,0.00,0.00,0.00,1.00,0.00,0.00,0.00,0.00,1.00, 
0.00,1.00,0.00,0.00,0.00,0.00,0.00,1.00,1.00,1.00,0.00,1.00,1.00,0.00,1.50,0.00,0.00,0.00,0.00,1.00, 
1.00,1.00,1.00,1.00,1.00,1.00,0.00,1.00,0.00,1.00,1.00,1.50,1.00,1.00,1.00,1.33,0.00,0.00,0.00,1.00, 
1.50,1.00,0.00,0.00,0.00,0.00,0.00,1.00,1.50,0.00,1.67,1.00,0.00,1.00,1.00,1.33,1.00,2.00,1.00,1.00, 
1.00,1.00,1.00,1.00,0.00,1.00,1.00,1.00,0.00,0.00,1.00,1.00,0.00,1.00,1.00,1.00,0.00,1.00,1.00,0.00, 
1.00,1.50,1.00,1.00,0.00,1.00,0.00,1.50,1.00,1.00,1.00,1.00,1.00,1.00,0.00,1.00,1.00,1.00,1.00,1.00, 
1.00,1.00,0.00,1.00,0.00,0.00,1.00,0.00,0.00,0.00,1.00,1.00,1.00,0.00,0.00,1.00,1.00,1.00,0.00,0.00, 
0.00,1.00,1.00,0.00,0.00,0.00,1.00,1.00,0.00,1.00,1.00,1.00,1.00,1.00,1.00,1.00,1.00,0.00,0.00,0.00, 
0.00,1.00,1.67,0.00,0.00,1.00,0.00,1.00,1.00,1.00,1.00,0.00,0.00,0.00,1.29,0.00,0.00,0.00,1.00,0.00, 
1.40,1.00,1.00,1.00,1.29,1.00,1.00,1.00,1.00,1.00,1.00,1.36,1.40,1.00,1.00,1.15,1.00,0.00,1.00,1.33, 
1.00,1.00,0.00,1.00,0.00,0.00,1.00,0.00,0.00,1.00,0.00,0.00,0.00,1.00,1.00,1.67,0.00,0.00,0.00,0.00, 
1.00,1.00,0.00,1.67,0.00,1.00,1.00,0.00,0.00,1.00,1.00,1.00,1.00,0.00,1.00,1.00,1.00,0.00,0.00,1.00, 
1.00,1.00,1.00,1.00,0.00,1.00,0.00,0.00,1.00,1.00,1.00,1.50,1.00,1.00,0.00,1.00,1.00,0.00,1.00,1.00, 
0.00,0.00,1.00,0.00,0.00,0.00,0.00,0.00,1.00,1.50,1.00,0.00,1.00,0.00,1.00,1.67,0.00,1.00,1.00,1.00, 
1.00,1.00,1.00,1.00,1.00,1.00,1.00,1.00,0.00,1.00,1.00,1.00,0.00,1.00,0.00,1.00,1.00,1.00,0.00,1.00, 
1.00,1.00,0.00,1.40,0.00,0.00,2.33,0.00,0.00,0.00,1.00,0.00,0.00,1.00,1.00,0.00,0.00,0.00,0.00,0.00, 
1.00,0.00,0.00,1.00,0.00,1.00,0.00,0.00,1.00,1.00,1.00,0.00,0.00,0.00,1.00,1.00,0.00,0.00,1.00,0.00, 
1.50,1.00,1.00,1.00,1.33,1.00,1.00,1.40,1.00,0.00,0.00,1.00,0.00,1.00,1.00,1.00,0.00,1.00,1.00,0.00, 
1.40,1.00,1.67,1.00,0.00,1.44,1.00,1.00,1.50,1.00,1.00,0.00,1.00,1.00,1.00,1.50,1.00,1.00,1.00,1.00, 
1.00,1.00,0.00,1.00,0.00,0.00,0.00,1.00,0.00,0.00,1.00,0.00,1.00,1.00,1.00,0.00,0.00,0.00,0.00,1.00, 
1.33,1.00,1.00,0.00,0.00,1.00,1.29,1.00,0.00,0.00,1.00,0.00,0.00,0.00,1.44,1.00,0.00,1.00,0.00,1.33, 
1.00,0.00,0.00,0.00,1.00,0.00,1.00,1.00,0.00,0.00,0.00,1.00,0.00,1.00,0.00,0.00,1.67,1.00,1.00,1.00, 
1.00,0.00,0.00,0.00,0.00,1.00,0.00,1.00,0.00,0.00,1.00,0.00,1.00,1.00,1.00,0.00,0.00,0.00,1.67,1.00, 
1.00,1.00,1.00,1.00,0.00,1.00,1.00,1.00,0.00,0.00,1.91,0.00,0.00,0.00,1.00,1.00,1.00,0.00,1.00,1.00, 
1.00,1.00,1.00,1.00,0.00,0.00,1.00,1.00,1.00,1.00,1.00,1.00,1.00,1.00,1.00,1.00,1.00,1.00,0.00,1.00, 
1.00,1.67,1.00,1.00,0.00,1.00,0.00,1.00,1.00,0.00,1.00,1.00,1.00,1.00,0.00,1.00,1.00,1.00,1.00,1.00, 
1.00,1.00,1.00,1.00,1.29,1.00,1.00,1.00,1.00,1.00,1.00,1.00,1.00,1.50,1.40,1.00,0.00,0.00,1.00,1.00, 
1.22,1.00,1.00,1.00,0.00,1.00,1.40,2.14,0.00,0.00,1.67,0.00,0.00,0.00,0.00,0.00,0.00,0.00,0.00,1.00, 
1.00,1.00,1.00,1.00,0.00,1.00,1.00,1.00,1.00,0.00,1.33,0.00,0.00,1.00,1.67,1.29,1.00,1.00,1.00,1.00, 
1.00,1.00,0.00,0.00,0.00,0.00,0.00,1.00,1.00,0.00,1.00,1.00,0.00,1.00,1.00,0.00,0.00,1.00,0.00,0.00, 
1.00,1.00,0.00,0.00,0.00,1.67,0.00,1.00,1.00,0.00,0.00,0.00,1.00,1.00,1.00,1.00,1.00,0.00,1.00,1.00, 
1.00,1.00,1.00,1.00,0.00,1.00,1.33,0.00,0.00,0.00,1.00,1.00,0.00,1.00,1.00,1.00,1.00,0.00,0.00,1.00, 
0.00,1.00,0.00,0.00,1.00,0.00,0.00,1.40,1.00,0.00,0.00,1.00,0.00,1.00,0.00,1.50,0.00,0.00,0.00,0.00, 
1.00,1.00,1.00,0.00,1.40,2.00,0.00,1.00,1.00,0.00,1.00,1.00,0.00,1.00,0.00,1.00,1.00,0.00,1.00,1.00, 
1.00,1.00,1.00,0.00,0.00,0.00,1.00,0.00,0.00,1.00,0.00,1.00,1.00,1.00,1.00,1.00,1.00,0.00,1.00,1.00, 
0.00,1.00,0.00,0.00,0.00,0.00,0.00,0.00,0.00,0.00,0.00,1.00,0.00,1.00,2.60,1.00,1.50,0.00,0.00,1.00, 
1.67,1.00,0.00,1.00,0.00,0.00,0.00,1.00,1.00,0.00,0.00,0.00,0.00,1.00,0.00,1.00,0.00,1.00,0.00,0.00, 
1.40,1.00,1.00,0.00,1.00,0.00,0.00,1.00,0.00,0.00,0.00,1.00,0.00,1.00,1.00,1.00,0.00,1.00,1.00,1.00, 
1.00,0.00,1.00,1.00,0.00,1.00,0.00,1.00,0.00,0.00,1.00,0.00,0.00,1.00,1.00,0.00,0.00,1.00,0.00,0.00, 
1.67,1.00,1.00,0.00,0.00,1.00,0.00,1.00,0.00,0.00,0.00,0.00,0.00,1.00,0.00,0.00,0.00,0.00,1.00,1.00, 
1.00,1.00,1.00,1.00,0.00,1.00,1.00,0.00,1.00,1.00,1.00,1.00,1.00,1.00,1.00,1.00,1.00,0.00,1.00,1.00, 
1.00,1.00,1.00,0.00,0.00,1.00,0.00,0.00,0.00,0.00,1.00,1.00,0.00,1.00,1.00,0.00,1.67,0.00,1.00,0.00, 
1.00,1.00,0.00,1.00,0.00,0.00,0.00,0.00,0.00,1.00,0.00,0.00,0.00,1.00,2.00,1.50,0.00,0.00,0.00,0.00, 
1.00,0.00,0.00,1.00,0.00,0.00,1.00,1.00,1.00,0.00,1.67,0.00,0.00,0.00,1.00,1.00,1.00,0.00,0.00,1.00, 
1.50,1.00,1.00,1.00,1.00,1.00,1.00,1.00,0.00,1.00,1.00,1.40,1.00,1.00,1.00,1.00,1.00,1.00,1.00,1.33, 
0.00,0.00,1.00,0.00,0.00,1.00,1.00,1.00,0.00,0.00,1.00,1.00,1.00,0.00,1.40,0.00,0.00,0.00,0.00,0.00, 
1.00,0.00,1.00,0.00,0.00,0.00,0.00,1.00,0.00,1.00,1.40,1.00,0.00,1.00,0.00,1.00,0.00,0.00,0.00,1.00, 
1.00,1.00,1.00,1.00,0.00,1.00,0.00,1.00,0.00,1.00,1.00,0.00,0.00,1.00,1.00,0.00,1.00,0.00,0.00,0.00, 
1.00,1.00,1.00,0.00,0.00,0.00,0.00,1.00,0.00,0.00,1.00,1.00,0.00,1.00,1.00,1.00,0.00,0.00,0.00,0.00, 
1.50,1.00,0.00,1.00,0.00,0.00,0.00,1.00,0.00,1.00,1.00,0.00,0.00,1.00,1.00,0.00,0.00,0.00,0.00,0.00, 
0.00,0.00,0.00,0.00,0.00,1.00,0.00,1.00,1.67,1.00,0.00,1.00,0.00,0.00,1.57,0.00,0.00,1.00,0.00,0.00, 
1.00,1.67,1.50,0.00,1.00,0.00,0.00,1.00,0.00,0.00,0.00,1.00,0.00,1.00,1.00,0.00,1.00,0.00,0.00,0.00, 
1.00,1.00,0.00,1.00,0.00,0.00,0.00,1.00,1.00,1.00,1.00,0.00,0.00,0.00,1.00,1.00,0.00,0.00,0.00,1.00, 
1.00,0.00,0.00,0.00,0.00,1.00,1.00,1.00,0.00,1.00,1.00,1.00,0.00,0.00,1.00,1.00,1.00,0.00,0.00,0.00, 
1.00,1.00,0.00,1.00,0.00,0.00,0.00,1.50,0.00,1.00,0.00,1.00,0.00,1.00,0.00,0.00,0.00,0.00,0.00,1.00, 
0.00,1.00,1.00,1.40,1.00,0.00,0.00,1.00,1.00,1.00,1.00,1.29,0.00,1.00,1.67,1.00,0.00,0.00,0.00,1.00, 
0.00,0.00,0.00,1.00,0.00,1.00,1.00,1.00,1.00,0.00,1.00,0.00,1.00,1.00,1.00,0.00,0.00,0.00,0.00,1.00, 
0.00,0.00,1.00,0.00,1.40,1.00,1.00,1.00,1.00,1.00,1.00,0.00,0.00,0.00,0.00,1.00,1.00,0.00,1.00,1.00, 
0.00,1.00,1.00,0.00,0.00,0.00,1.00,1.00,0.00,0.00,1.00,0.00,1.00,1.00,1.00,1.00,1.00,1.00,0.00,0.00, 
1.00,1.00,1.00,1.40,1.40,1.00,1.00,1.00,0.00,1.00,1.00,1.50,1.00,1.00,1.25,1.29,1.00,1.00,1.00,1.29, 
1.00,0.00,1.00,1.00,0.00,1.00,1.00,1.40,1.00,0.00,1.00,0.00,1.00,1.00,1.00,1.00,0.00,0.00,1.00,0.00, 
1.00,1.00,1.00,1.00,0.00,1.00,1.00,0.00,1.00,0.00,1.50,1.00,1.00,1.00,1.00,1.00,1.00,0.00,0.00,1.00, 
0.00,1.00,0.00,0.00,0.00,0.00,0.00,1.00,0.00,0.00,0.00,0.00,1.00,1.00,1.00,0.00,0.00,1.00,1.00,1.00, 
1.00,0.00,0.00,0.00,0.00,1.67,0.00,1.29,1.00,1.00,1.29,1.00,0.00,1.00,1.00,1.00,1.00,0.00,0.00,0.00, 
1.00,0.00,1.00,1.00,0.00,1.00,1.67,1.00,0.00,0.00,1.00,0.00,0.00,1.00,1.00,1.00,1.00,0.00,0.00,1.50, 
1.00,1.00,1.00,1.00,1.00,1.00,0.00,1.00,1.00,0.00,1.00,1.00,1.00,1.00,1.00,1.00,1.00,0.00,1.00,1.00, 
2.00,1.00,1.00,1.00,0.00,1.00,1.00,1.00,1.00,1.00,1.00,1.00,1.00,0.00,1.00,1.00,1.00,0.00,1.00,1.00, 
1.50,1.00,1.00,1.00,0.00,1.00,1.89,1.00,0.00,0.00,1.00,0.00,1.00,0.00,1.44,1.00,1.00,1.00,0.00,1.00, 
0.00,1.00,0.00,0.00,0.00,0.00,0.00,1.00,1.00,1.00,1.00,1.00,0.00,1.00,1.00,1.00,0.00,0.00,1.00,1.00, 
1.00,1.00,0.00,0.00,0.00,1.00,1.40,1.00,0.00,0.00,1.00,1.00,1.00,1.00,1.00,1.00,0.00,0.00,0.00,1.00, 
1.00,1.67,1.00,0.00,0.00,1.00,0.00,1.00,1.00,0.00,1.00,0.00,1.00,1.00,0.00,1.00,1.00,1.00,1.00,0.00, 
0.00,1.00,1.00,0.00,1.00,1.00,0.00,0.00,0.00,1.00,0.00,0.00,0.00,1.00,1.00,1.00,0.00,0.00,1.00,1.00, 
1.00,1.50,1.00,1.00,0.00,0.00,1.00,1.00,1.00,0.00,1.00,1.40,1.00,1.00,1.00,1.00,0.00,1.00,1.00,1.00, 
1.00,1.00,1.67,1.00,0.00,0.00,1.00,1.00,0.00,0.00,1.00,0.00,1.00,1.00,1.00,1.00,0.00,1.00,0.00,0.00, 
1.00,1.00,1.00,1.57,0.00,0.00,1.40,0.00,1.00,1.00,1.00,1.00,1.00,0.00,1.00,1.00,1.00,0.00,0.00,0.00, 
1.00,1.00,1.00,0.00,1.00,0.00,0.00,1.00,0.00,0.00,0.00,0.00,0.00,1.00,1.00,0.00,1.00,0.00,0.00,0.00, 
1.00,0.00,0.00,1.00,0.00,1.00,1.00,1.00,0.00,1.00,1.00,0.00,1.00,0.00,0.00,1.00,1.00,0.00,1.00,1.00, 
1.00,0.00,0.00,1.50,0.00,0.00,0.00,1.00,0.00,0.00,1.00,1.00,0.00,1.00,0.00,1.00,1.00,0.00,0.00,1.00, 
1.00,1.00,1.50,1.00,1.00,0.00,1.00,1.00,1.00,0.00,1.00,1.00,1.00,1.00,1.00,1.00,1.00,1.00,1.00,1.00, 
1.00,0.00,1.00,1.29,0.00,0.00,1.40,1.00,0.00,0.00,1.00,1.00,0.00,1.00,0.00,1.00,1.00,0.00,0.00,1.00, 
1.00,1.00,1.00,1.00,1.00,0.00,1.00,1.00,0.00,1.00,1.00,1.00,0.00,1.00,1.00,1.67,1.00,0.00,0.00,0.00, 
1.00,0.00,1.00,0.00,0.00,1.67,0.00,1.25,0.00,0.00,1.29,1.00,0.00,1.00,1.00,1.00,0.00,0.00,0.00,0.00, 
1.00,1.50,0.00,1.00,1.00,1.00,1.00,1.40,1.00,1.00,1.00,0.00,1.00,0.00,0.00,1.00,1.00,1.00,1.00,1.00, 
2.14,1.00,0.00,1.00,1.00,1.00,1.00,1.00,0.00,0.00,1.33,0.00,1.00,0.00,1.40,1.00,1.00,0.00,0.00,1.00, 
1.00,0.00,0.00,0.00,0.00,0.00,1.40,0.00,0.00,0.00,0.00,1.00,0.00,0.00,1.40,0.00,0.00,0.00,0.00,1.00, 
1.00,0.00,0.00,1.00,0.00,0.00,0.00,1.00,0.00,0.00,1.00,0.00,1.00,1.00,1.00,1.00,1.00,0.00,1.00,0.00, 
1.00,1.00,0.00,1.00,0.00,0.00,1.00,1.00,1.00,1.00,1.67,0.00,0.00,0.00,1.00,1.00,1.00,0.00,1.00,1.00, 
1.00,1.00,0.00,1.00,0.00,0.00,0.00,1.00,1.00,0.00,1.00,0.00,0.00,1.00,1.00,4.86,0.00,1.00,0.00,1.00, 
1.67,1.00,1.00,1.00,1.00,1.00,1.29,1.00,1.00,1.00,1.25,1.25,0.00,1.00,1.00,1.00,1.00,1.00,1.00,1.00, 
1.50,1.00,1.00,1.00,0.00,0.00,1.00,0.00,0.00,0.00,1.40,1.00,0.00,0.00,1.00,0.00,1.40,0.00,0.00,1.00, 
1.00,1.00,1.00,0.00,0.00,1.00,0.00,1.00,1.00,0.00,0.00,0.00,1.00,1.00,0.00,1.00,0.00,1.00,0.00,0.00, 
1.00,1.00,0.00,1.00,1.00,0.00,1.40,1.00,0.00,1.00,1.00,1.00,1.00,1.00,0.00,1.00,0.00,1.00,1.00,1.00, 
1.00,0.00,1.00,0.00,0.00,0.00,0.00,1.00,0.00,0.00,1.40,1.50,0.00,1.00,1.00,1.00,1.00,0.00,0.00,1.00, 
0.00,1.00,1.00,1.00,0.00,0.00,0.00,1.00,1.00,1.00,1.00,0.00,0.00,0.00,0.00,1.00,0.00,0.00,1.00,0.00, 
1.40,1.00,1.00,1.00,1.00,1.00,1.00,1.50,1.00,1.00,1.00,1.00,0.00,1.00,1.00,1.33,1.00,0.00,0.00,1.00, 
1.00,0.00,0.00,1.00,0.00,1.00,1.00,1.00,1.00,0.00,1.00,1.00,1.00,0.00,1.00,1.00,1.00,0.00,0.00,1.00, 
0.00,1.00,1.50,1.00,0.00,0.00,1.00,1.00,0.00,0.00,1.67,0.00,1.00,1.00,0.00,1.00,0.00,0.00,1.00,1.00, 
1.00,1.00,1.00,0.00,0.00,0.00,0.00,1.33,0.00,0.00,1.00,0.00,0.00,1.00,1.00,1.00,0.00,1.00,0.00,0.00, 
1.00,1.00,0.00,0.00,0.00,1.00,1.67,1.67,1.00,0.00,0.00,0.00,0.00,1.00,2.33,1.67,0.00,1.00,0.00,0.00, 
1.00,1.00,1.00,0.00,0.00,1.00,1.00,1.00,0.00,0.00,1.00,1.00,0.00,1.00,1.00,1.00,0.00,0.00,1.00,1.00, 
0.00,0.00,0.00,1.00,0.00,1.00,0.00,1.00,0.00,0.00,1.00,1.00,1.00,1.00,1.00,1.00,0.00,0.00,0.00,1.00, 
1.00,1.00,1.00,1.00,0.00,1.00,1.00,1.00,0.00,1.00,1.71,1.50,0.00,0.00,0.00,1.00,0.00,0.00,0.00,1.00, 
1.00,0.00,0.00,1.00,0.00,0.00,1.00,1.00,0.00,1.00,1.00,1.00,1.00,1.00,1.00,1.00,0.00,0.00,0.00,0.00, 
1.00,1.00,1.00,1.50,1.40,1.00,1.00,1.00,0.00,0.00,1.00,1.50,1.00,1.00,1.29,1.29,1.00,1.00,1.40,1.29, 
1.00,0.00,0.00,1.00,0.00,1.00,0.00,1.67,0.00,0.00,1.00,0.00,0.00,1.00,1.50,0.00,0.00,0.00,0.00,1.00, 
0.00,1.00,0.00,1.00,0.00,0.00,1.00,1.40,0.00,1.00,1.50,1.00,1.00,1.00,1.00,1.00,1.00,0.00,1.00,1.00, 
1.40,1.00,1.00,1.67,0.00,1.00,1.50,1.00,1.00,1.00,1.00,1.00,0.00,0.00,1.33,1.00,1.00,0.00,1.33,0.00, 
1.00,1.00,1.00,1.50,0.00,0.00,1.00,0.00,1.00,0.00,1.00,0.00,0.00,1.00,1.00,1.00,0.00,0.00,0.00,0.00, 
1.00,1.00,1.00,1.00,0.00,0.00,2.33,1.00,0.00,1.00,0.00,1.50,0.00,1.00,1.40,1.00,0.00,0.00,1.00,0.00, 
1.00,1.00,1.00,0.00,0.00,0.00,0.00,1.00,1.00,1.67,1.00,0.00,1.00,0.00,0.00,1.00,1.00,0.00,0.00,1.00, 
0.00,0.00,1.00,1.67,0.00,1.00,0.00,0.00,0.00,0.00,1.00,0.00,0.00,1.00,1.00,1.00,1.00,0.00,1.00,1.00, 
1.50,1.00,0.00,1.40,0.00,0.00,1.00,1.50,0.00,0.00,1.50,1.00,1.00,1.00,0.00,1.00,1.00,0.00,0.00,0.00, 
1.00,1.00,1.00,0.00,0.00,0.00,0.00,1.00,0.00,0.00,1.00,0.00,0.00,0.00,1.00,1.00,1.00,0.00,0.00,0.00, 
1.00,1.00,1.00,0.00,0.00,1.00,0.00,1.33,0.00,0.00,1.00,0.00,1.00,1.00,1.00,0.00,0.00,1.00,0.00,1.00, 
1.00,1.00,0.00,1.00,0.00,0.00,0.00,6.59,1.00,1.00,1.00,1.00,0.00,1.00,1.00,1.00,1.00,0.00,1.00,1.00, 
1.29,1.00,1.00,1.00,0.00,1.00,1.29,1.00,1.00,1.00,1.00,1.36,1.00,1.00,1.00,1.00,1.00,1.00,1.00,1.00, 
1.00,1.00,0.00,1.00,1.00,1.00,1.00,1.00,1.00,1.00,0.00,1.00,1.00,1.00,1.40,1.00,0.00,1.00,1.00,1.00, 
1.00,1.00,1.00,1.50,0.00,1.00,0.00,0.00,0.00,0.00,1.00,0.00,0.00,1.00,1.00,0.00,0.00,0.00,1.00,1.00, 
1.00,0.00,1.00,1.00,0.00,1.00,0.00,1.00,0.00,1.00,1.00,0.00,0.00,1.00,0.00,1.00,0.00,0.00,0.00,0.00, 
1.50,1.20,1.00,1.00,1.29,1.00,1.00,1.00,0.00,1.00,1.27,1.00,1.00,1.00,1.00,1.29,1.00,0.00,1.00,1.00, 
1.00,1.00,1.00,1.00,0.00,1.00,1.00,1.00,1.00,1.00,1.00,1.00,0.00,0.00,1.00,1.00,1.00,0.00,1.33,0.00, 
1.00,1.00,1.00,0.00,0.00,1.67,1.00,0.00,0.00,1.00,0.00,1.00,1.67,1.00,1.00,1.00,0.00,0.00,0.00,1.00, 
1.00,1.00,0.00,0.00,0.00,0.00,1.00,1.00,0.00,1.00,0.00,0.00,0.00,1.00,1.00,1.00,0.00,0.00,0.00,0.00, 
1.00,1.25,1.00,1.00,1.29,1.00,1.22,1.40,0.00,1.00,1.29,1.00,0.00,1.00,1.00,1.00,1.00,0.00,1.00,1.00, 
1.00,1.00,0.00,1.33,0.00,1.00,1.00,1.00,0.00,0.00,1.00,0.00,0.00,1.00,1.00,1.50,1.00,0.00,0.00,0.00, 
1.00,1.00,0.00,1.00,0.00,1.00,0.00,2.14,0.00,0.00,1.00,0.00,0.00,0.00,1.67,1.00,0.00,1.67,0.00,1.00, 
